caseID,activity_chain,next_activity
2,"[1, 8, 6]",end
3,"[1, 8, 6]",end
4,"[1, 8, 6]",end
5,"[1, 8, 6]",8
5,"[8, 6]",end
6,"[1, 8, 6]",end
8,"[1, 8, 6]",end
9,"[3, 1, 8]",6
9,[6],end
10,"[1, 8, 6]",end
11,"[1, 8, 6]",end
14,"[1, 8, 6]",end
16,"[1, 8, 8]",6
16,[6],end
17,"[1, 8, 6]",end
19,"[1, 8, 6]",end
21,"[1, 8, 6]",end
22,"[1, 8, 9]",6
22,[6],end
24,"[1, 8, 6]",end
25,"[1, 8, 6]",end
26,"[1, 8, 9]",8
26,"[8, 6]",end
27,"[1, 8, 6]",end
29,"[1, 8, 6]",end
30,"[1, 8, 6]",end
32,"[1, 8, 6]",end
35,"[1, 6]",end
36,"[1, 8, 6]",end
37,"[1, 8, 6]",6
37,"[6, 8, 9]",8
37,"[8, 6]",end
38,"[1, 8, 6]",end
40,"[1, 8, 6]",end
41,"[1, 8, 6]",end
42,"[1, 8, 6]",end
43,"[1, 8, 6]",end
44,"[1, 8, 6]",end
45,"[1, 8, 6]",end
47,"[1, 8, 6]",end
48,"[3, 1, 8]",6
48,[6],end
49,"[1, 8, 9]",6
49,[6],end
50,"[1, 8, 6]",6
50,[6],end
51,"[1, 8, 9]",6
51,[6],end
52,"[1, 8, 6]",end
53,"[1, 8, 9]",9
53,"[9, 8, 6]",end
55,"[1, 8, 9]",6
55,[6],end
56,"[1, 6]",end
57,"[1, 8, 6]",end
59,"[1, 8, 6]",6
59,[6],end
60,"[1, 8, 9]",8
60,"[8, 6]",end
61,"[1, 8, 6]",end
62,"[1, 6]",end
64,"[1, 1, 9]",8
64,"[8, 9, 8]",6
64,[6],end
66,"[1, 8, 6]",end
67,"[1, 8, 6]",end
68,"[1, 8, 6]",end
70,"[1, 8, 9]",6
70,[6],end
71,"[1, 8, 6]",end
72,"[1, 8, 6]",end
73,"[1, 6]",end
74,[6],end
75,"[1, 1, 8]",6
75,[6],end
76,"[1, 6]",end
78,"[1, 8, 6]",end
80,"[1, 8, 6]",end
81,"[1, 8, 9]",9
81,"[9, 8, 6]",end
84,"[1, 8, 6]",end
85,"[1, 8, 6]",end
86,"[1, 8, 9]",6
86,[6],end
87,"[1, 8, 9]",6
87,"[6, 8, 9]",6
87,[6],end
88,"[1, 1, 9]",8
88,"[8, 6]",end
90,"[1, 8, 6]",end
91,"[1, 8, 6]",end
92,"[1, 8, 6]",end
93,"[1, 8, 6]",end
94,"[1, 8, 6]",end
95,"[1, 8, 6]",end
96,"[1, 8, 6]",6
96,[6],end
98,"[1, 8, 6]",end
99,"[1, 8, 6]",end
101,"[3, 1, 8]",6
101,[6],end
102,"[1, 8, 6]",end
103,"[1, 1, 8]",9
103,"[9, 8, 2]",6
103,[6],end
104,"[1, 8, 6]",end
108,"[1, 8, 6]",end
109,"[1, 8, 9]",8
109,"[8, 6]",end
110,"[1, 8, 6]",end
111,"[1, 8, 6]",8
111,"[8, 9, 8]",6
111,[6],end
112,"[1, 8, 6]",end
113,"[3, 1, 8]",6
113,[6],end
116,"[1, 8, 6]",end
117,"[1, 8, 6]",end
118,"[1, 8, 6]",end
119,"[1, 8, 6]",end
120,"[1, 8, 9]",6
120,[6],end
121,"[1, 8, 6]",end
122,"[1, 8, 6]",end
123,"[1, 8, 9]",8
123,"[8, 6]",end
124,"[1, 8, 6]",end
125,"[1, 8, 9]",8
125,"[8, 6]",end
126,"[1, 1, 6]",end
127,"[1, 8, 6]",end
128,"[1, 6, 6]",end
130,"[3, 1, 8]",6
130,[6],end
132,"[1, 8, 9]",6
132,[6],end
133,"[1, 1, 8]",6
133,[6],end
134,"[1, 8, 6]",end
135,"[1, 8, 9]",8
135,"[8, 6, 8]",6
135,[6],end
136,"[1, 8, 6]",end
137,"[1, 8, 9]",6
137,[6],end
138,"[1, 8, 6]",end
139,"[1, 8, 6]",end
141,"[1, 8, 9]",8
141,"[8, 9, 8]",6
141,[6],end
142,"[1, 8, 6]",end
146,"[1, 8, 6]",end
148,"[1, 8, 6]",6
148,[6],end
149,"[1, 8, 6]",end
150,"[3, 1, 8]",9
150,"[9, 8, 6]",end
151,"[1, 8, 6]",end
152,"[1, 8, 6]",end
153,"[1, 8, 6]",end
155,"[1, 8, 9]",8
155,"[8, 6]",end
157,"[1, 8, 6]",end
158,"[1, 8, 6]",end
159,"[1, 8, 6]",end
160,"[1, 8, 6]",end
161,"[1, 8, 6]",end
162,"[1, 1, 6]",end
163,"[1, 8, 6]",end
164,"[1, 8, 6]",end
165,"[1, 6]",end
166,"[1, 8, 6]",end
167,"[1, 8, 9]",6
167,"[6, 6]",end
168,"[1, 8, 6]",end
170,"[1, 8, 9]",8
170,"[8, 9, 6]",end
171,"[1, 1, 8]",6
171,[6],end
172,"[1, 8, 6]",end
173,"[1, 1, 8]",6
173,[6],end
174,"[1, 8, 9]",6
174,[6],end
175,"[1, 8, 6]",end
176,"[1, 8, 6]",end
177,"[1, 8, 6]",end
178,"[1, 8, 6]",end
179,"[1, 8, 6]",end
180,"[1, 8, 6]",end
181,"[1, 6]",end
182,"[1, 8, 6]",end
183,"[3, 1, 8]",6
183,[6],end
185,"[1, 8, 9]",8
185,"[8, 6]",end
186,"[1, 8, 9]",6
186,[6],end
187,"[1, 8, 6]",end
188,"[1, 8, 6]",end
189,"[1, 1, 8]",6
189,[6],end
190,"[1, 8, 6]",end
194,"[1, 8, 6]",end
195,"[1, 8, 9]",8
195,"[8, 9, 8]",6
195,[6],end
196,"[1, 8, 6]",end
197,"[1, 8, 6]",6
197,[6],end
198,"[1, 8, 6]",end
199,"[8, 6]",end
200,"[1, 8, 6]",end
201,"[1, 8, 6]",end
203,"[1, 8, 6]",end
204,"[1, 8, 6]",end
205,"[1, 8, 9]",8
205,"[8, 6]",end
206,"[1, 8, 9]",8
206,"[8, 6]",end
207,"[1, 8, 6]",end
208,"[1, 8, 6]",end
209,"[1, 8, 6]",end
211,"[1, 6]",end
212,"[1, 8, 6]",end
213,"[1, 6]",end
214,"[1, 1, 8]",6
214,[6],end
215,"[1, 8, 6]",end
216,"[1, 1, 8]",6
216,[6],end
217,"[1, 8, 6]",end
218,"[1, 8, 6]",8
218,"[8, 9, 8]",6
218,[6],end
219,"[8, 9, 8]",6
219,"[6, 6]",end
220,"[1, 8, 9]",6
220,[6],end
221,"[1, 8, 6]",end
222,"[1, 6]",end
223,"[1, 8, 6]",6
223,[6],end
224,"[1, 8, 9]",6
224,[6],end
225,"[1, 6]",end
226,"[1, 8, 6]",end
227,"[1, 8, 6]",end
228,"[1, 8, 6]",end
229,"[1, 6]",end
231,"[1, 1, 8]",6
231,[6],end
234,"[1, 1, 8]",6
234,[6],end
236,"[1, 8, 6]",end
238,"[1, 8, 6]",end
239,"[1, 8, 6]",end
240,"[1, 8, 6]",end
241,"[1, 8, 6]",end
242,"[1, 8, 6]",end
243,"[1, 8, 6]",end
244,"[1, 8, 6]",end
245,"[1, 8, 6]",end
246,"[1, 1, 8]",6
246,[6],end
247,"[3, 8, 6]",end
248,"[1, 6, 6]",end
249,"[1, 8, 6]",end
250,"[1, 8, 6]",end
251,"[1, 8, 6]",end
252,"[1, 8, 6]",8
252,"[8, 6]",end
254,"[1, 8, 6]",end
255,"[1, 8, 6]",end
256,"[1, 8, 6]",end
257,"[1, 8, 6]",end
258,"[1, 8, 9]",8
258,"[8, 6]",end
259,"[1, 1, 8]",6
259,[6],end
260,"[1, 1, 8]",6
260,[6],end
261,"[1, 8, 6]",end
263,"[1, 8, 6]",end
264,"[1, 8, 6]",end
266,"[1, 6, 6]",end
267,"[1, 8, 6]",end
268,"[3, 1, 8]",6
268,[6],end
269,"[8, 6]",end
270,"[1, 8, 9]",9
270,"[9, 8, 6]",end
271,"[3, 1, 1]",8
271,"[8, 6]",end
272,"[1, 8, 9]",6
272,[6],end
273,"[1, 8, 6]",end
274,"[1, 8, 6]",end
275,"[1, 8, 6]",end
276,"[3, 1, 8]",6
276,[6],end
277,"[1, 8, 6]",end
278,"[1, 9, 8]",9
278,"[9, 8, 6]",end
279,"[1, 6]",end
280,"[1, 8, 9]",8
280,"[8, 6, 8]",6
280,[6],end
281,"[1, 1, 8]",6
281,[6],end
283,"[1, 8, 6]",end
284,"[1, 8, 6]",end
285,"[1, 8, 6]",end
287,"[1, 8, 6]",end
288,"[1, 8, 6]",end
289,"[1, 8, 6]",end
290,"[1, 9, 6]",6
290,[6],end
291,"[1, 1, 8]",6
291,[6],end
292,"[1, 8, 6]",end
293,"[1, 8, 6]",end
294,"[1, 8, 6]",end
295,"[1, 8, 6]",6
295,[6],end
297,"[1, 8, 6]",end
298,"[1, 8, 6]",end
300,"[1, 8, 6]",end
301,"[1, 8, 6]",8
301,"[8, 9, 8]",6
301,[6],end
302,"[1, 8, 6]",end
303,"[1, 8, 6]",end
304,"[1, 8, 6]",end
305,"[1, 8, 9]",6
305,[6],end
306,"[1, 8, 6]",end
307,"[1, 8, 6]",end
309,"[1, 8, 6]",end
310,"[1, 8, 9]",6
310,[6],end
311,"[1, 8, 6]",end
312,"[1, 8, 6]",end
314,"[1, 8, 6]",end
315,"[1, 8, 9]",8
315,"[8, 6]",end
316,"[1, 1, 8]",6
316,[6],end
318,"[1, 8, 6]",end
319,"[1, 8, 9]",8
319,"[8, 6]",end
320,"[1, 8, 6]",end
321,"[1, 1, 8]",9
321,"[9, 8, 6]",end
322,"[1, 8, 9]",8
322,"[8, 6]",end
324,"[8, 6]",end
325,"[1, 1, 8]",6
325,[6],end
327,"[1, 8, 6]",end
328,"[1, 8, 6]",end
329,"[1, 8, 6]",8
329,"[8, 6]",end
330,"[1, 1, 8]",6
330,"[6, 6]",end
334,"[1, 8, 9]",8
334,"[8, 6]",end
335,"[1, 8, 6]",end
336,"[1, 8, 6]",end
338,"[1, 8, 6]",end
339,"[1, 8, 9]",6
339,[6],end
340,"[1, 8, 9]",6
340,[6],end
341,"[1, 6]",end
342,"[1, 8, 6]",end
344,"[1, 8, 6]",end
347,"[1, 6, 6]",end
350,"[1, 8, 9]",6
350,[6],end
351,"[1, 8, 6]",end
352,"[1, 6, 6]",end
353,"[1, 8, 6]",end
354,"[1, 9, 6]",6
354,[6],end
355,"[1, 1, 8]",6
355,[6],end
356,"[1, 8, 6]",end
357,"[1, 8, 6]",end
358,"[1, 1, 8]",6
358,[6],end
359,"[1, 8, 6]",end
360,"[1, 8, 6]",end
362,"[1, 8, 9]",6
362,[6],end
363,"[1, 1, 8]",6
363,[6],end
365,"[1, 8, 9]",8
365,"[8, 6]",end
366,"[1, 8, 6]",end
368,"[1, 1, 8]",9
368,"[9, 9, 8]",6
368,[6],end
369,"[1, 8, 8]",6
369,[6],end
371,"[1, 8, 6]",end
372,"[1, 8, 6]",end
373,"[1, 8, 6]",end
375,"[1, 8, 6]",end
376,"[1, 8, 9]",8
376,"[8, 6]",end
377,"[1, 8, 6]",end
379,"[1, 8, 6]",end
381,"[1, 8, 6]",end
385,"[1, 8, 6]",end
386,"[1, 8, 9]",8
386,"[8, 6]",end
387,"[1, 8, 6]",6
387,[6],end
388,"[1, 9, 8]",6
388,[6],end
389,"[1, 1, 8]",6
389,[6],end
390,"[1, 8, 6]",end
391,"[1, 8, 6]",end
392,"[1, 6, 6]",end
393,"[1, 8, 6]",end
394,"[1, 8, 6]",end
395,"[1, 8, 6]",end
396,"[1, 1, 8]",6
396,[6],end
397,"[1, 8, 6]",end
398,"[1, 8, 9]",6
398,[6],end
400,"[1, 8, 6]",end
401,"[1, 8, 6]",end
403,"[1, 8, 6]",end
404,"[1, 8, 6]",end
405,"[1, 8, 6]",8
405,"[8, 6]",end
406,"[1, 1, 8]",6
406,[6],end
409,"[1, 8, 6]",end
410,"[1, 8, 6]",end
411,"[1, 8, 6]",end
413,"[3, 1, 8]",6
413,"[6, 6]",end
415,"[1, 8, 6]",6
415,[6],end
416,"[1, 8, 6]",end
417,"[1, 8, 9]",6
417,[6],end
418,"[1, 8, 6]",end
419,"[1, 8, 9]",8
419,"[8, 6]",end
420,"[1, 8, 6]",end
422,"[1, 8, 6]",end
423,"[3, 1, 8]",6
423,[6],end
424,"[1, 8, 6]",6
424,[6],end
425,"[1, 8, 9]",6
425,[6],end
426,"[1, 8, 9]",9
426,"[9, 8, 6]",end
427,"[1, 8, 6]",end
428,"[1, 8, 6]",end
429,"[1, 1, 8]",6
429,[6],end
430,"[1, 8, 6]",end
431,"[1, 8, 6]",end
432,"[1, 8, 6]",end
434,"[1, 8, 6]",end
436,"[1, 8, 6]",6
436,[6],end
437,"[1, 8, 9]",6
437,[6],end
439,"[1, 8, 6]",end
440,"[1, 8, 6]",end
442,"[1, 8, 6]",end
443,"[1, 1, 8]",6
443,[6],end
444,"[1, 8, 6]",end
445,"[1, 8, 6]",end
448,"[1, 8, 9]",6
448,[6],end
449,"[1, 8, 9]",8
449,"[8, 6]",end
450,"[1, 8, 6]",end
451,"[1, 1, 8]",6
451,[6],end
452,"[1, 8, 6]",end
453,"[1, 8, 6]",6
453,[6],end
454,"[1, 8, 6]",end
455,"[1, 8, 9]",8
455,"[8, 6]",end
457,"[1, 8, 6]",end
458,"[1, 8, 6]",end
459,"[1, 8, 6]",end
460,"[1, 8, 6]",end
461,"[1, 8, 9]",6
461,[6],end
462,"[1, 8, 4]",6
462,[6],end
463,"[1, 8, 6]",6
463,[6],end
464,"[1, 8, 6]",6
464,[6],end
465,"[1, 1, 8]",6
465,[6],end
466,"[1, 8, 6]",end
468,"[1, 8, 9]",8
468,"[8, 6]",end
469,"[1, 8, 9]",8
469,"[8, 6]",end
471,"[1, 8, 9]",8
471,"[8, 6]",end
472,"[1, 8, 6]",end
473,"[1, 8, 6]",end
475,"[1, 8, 6]",end
476,"[1, 8, 9]",8
476,"[8, 6]",end
477,"[1, 8, 6]",end
478,"[1, 1, 8]",9
478,"[9, 6]",end
479,"[1, 6]",end
481,"[1, 8, 6]",end
482,"[1, 6, 6]",end
483,"[1, 8, 6]",end
485,"[1, 1, 8]",6
485,[6],end
486,"[1, 8, 6]",end
488,"[1, 8, 6]",end
489,"[1, 8, 6]",end
490,"[1, 8, 6]",end
491,"[1, 8, 9]",6
491,[6],end
492,"[1, 8, 6]",end
493,"[1, 8, 6]",end
494,"[1, 8, 6]",end
495,"[1, 8, 6]",end
497,"[1, 8, 6]",end
498,"[1, 8, 6]",6
498,[6],end
499,"[1, 8, 6]",end
500,"[1, 8, 6]",end
501,"[1, 1, 8]",6
501,[6],end
502,"[1, 8, 6]",end
503,"[1, 8, 2]",4
503,"[4, 6]",end
505,"[1, 8, 6]",end
508,"[1, 8, 9]",6
508,[6],end
509,"[1, 8, 9]",9
509,"[9, 8, 6]",end
510,"[1, 8, 9]",6
510,[6],end
511,"[1, 8, 6]",end
512,"[1, 8, 9]",6
512,[6],end
513,"[1, 8, 6]",end
514,"[1, 8, 6]",6
514,[6],end
515,"[1, 8, 6]",end
516,"[1, 8, 9]",6
516,[6],end
517,"[1, 8, 8]",9
517,"[9, 8, 6]",end
518,"[1, 8, 6]",8
518,"[8, 6]",end
519,"[1, 8, 6]",end
520,"[1, 8, 6]",6
520,[6],end
521,"[1, 8, 6]",end
522,"[1, 8, 9]",6
522,[6],end
524,"[1, 8, 6]",end
526,"[1, 8, 9]",6
526,[6],end
528,"[1, 8, 6]",end
531,"[1, 8, 6]",end
533,"[1, 8, 6]",end
534,"[1, 8, 6]",end
535,"[1, 8, 6]",end
536,"[1, 8, 6]",end
537,"[1, 8, 9]",6
537,[6],end
538,"[1, 8, 6]",end
539,"[1, 8, 6]",end
540,"[1, 8, 6]",end
541,"[1, 8, 6]",end
542,"[1, 8, 6]",end
543,"[1, 8, 6]",end
544,"[1, 8, 6]",end
545,"[1, 8, 6]",end
546,"[1, 8, 6]",end
547,"[1, 9, 8]",9
547,"[9, 8, 6]",end
548,"[1, 8, 9]",6
548,[6],end
549,"[1, 8, 6]",end
550,"[1, 6]",end
551,"[1, 8, 9]",6
551,[6],end
552,"[1, 8, 6]",end
555,"[1, 8, 6]",end
556,"[1, 6]",end
560,"[1, 8, 6]",end
561,"[1, 8, 6]",end
562,"[1, 8, 6]",end
563,"[1, 8, 6]",end
564,"[1, 8, 6]",end
565,"[1, 8, 9]",6
565,[6],end
567,"[1, 8, 6]",end
568,"[1, 8, 6]",end
569,"[1, 1, 8]",6
569,[6],end
570,"[1, 8, 6]",end
571,"[1, 8, 9]",8
571,"[8, 6]",end
572,"[1, 9, 8]",6
572,"[6, 8, 9]",8
572,"[8, 6]",end
573,"[1, 8, 9]",6
573,[6],end
574,"[8, 6]",end
576,"[1, 8, 6]",6
576,[6],end
577,"[1, 8, 8]",6
577,[6],end
578,"[1, 6]",end
579,"[1, 8, 6]",end
580,"[1, 8, 6]",end
581,"[1, 8, 9]",6
581,[6],end
582,"[1, 8, 6]",8
582,"[8, 9, 8]",6
582,[6],end
583,"[1, 8, 6]",end
584,"[1, 8, 9]",8
584,"[8, 9, 8]",6
584,[6],end
585,"[1, 8, 6]",end
586,"[1, 8, 6]",end
587,"[1, 8, 9]",8
587,"[8, 6]",end
588,"[1, 8, 6]",end
589,"[1, 8, 6]",end
590,"[1, 8, 6]",end
591,"[3, 1, 8]",6
591,[6],end
592,"[8, 6]",end
596,"[1, 8, 6]",end
597,"[1, 8, 6]",end
598,"[1, 1, 8]",6
598,[6],end
599,"[3, 1, 8]",6
599,[6],end
600,"[1, 8, 6]",end
601,"[1, 8, 6]",end
602,"[1, 8, 9]",6
602,[6],end
604,"[1, 6]",end
605,"[1, 8, 6]",end
607,"[1, 8, 9]",8
607,"[8, 6]",end
608,"[1, 8, 9]",8
608,"[8, 6]",end
609,"[1, 1, 8]",6
609,[6],end
610,"[1, 8, 6]",end
611,"[1, 8, 6]",end
612,"[3, 1, 8]",6
612,[6],end
613,"[1, 8, 6]",end
614,"[1, 8, 6]",end
615,"[1, 8, 6]",end
616,"[1, 8, 6]",end
617,"[1, 8, 6]",end
618,"[1, 8, 6]",end
619,"[1, 8, 6]",end
620,"[1, 8, 9]",8
620,"[8, 6]",end
621,"[1, 8, 6]",end
622,"[1, 8, 2]",6
622,[6],end
623,"[1, 8, 9]",6
623,"[6, 6]",end
625,"[1, 8, 6]",end
627,"[1, 8, 6]",end
628,"[1, 8, 9]",8
628,"[8, 6]",end
629,"[1, 6]",end
632,"[1, 8, 6]",end
633,"[1, 8, 6]",end
634,"[1, 8, 6]",end
635,"[1, 1, 8]",6
635,[6],end
636,"[1, 8, 9]",9
636,"[9, 8, 6]",end
637,"[1, 8, 6]",end
640,"[1, 8, 6]",end
641,"[8, 6]",end
642,"[1, 1, 8]",6
642,[6],end
643,"[1, 8, 6]",end
644,"[8, 6]",end
646,"[1, 8, 9]",8
646,"[8, 6]",end
647,"[1, 8, 6]",end
648,"[1, 8, 6]",end
649,"[1, 8, 6]",end
650,"[1, 8, 6]",end
651,"[1, 9, 8]",6
651,[6],end
652,"[1, 8, 6]",end
653,"[1, 1, 6]",end
654,"[1, 8, 6]",end
655,"[1, 8, 6]",end
657,"[1, 8, 6]",end
658,"[1, 8, 6]",end
659,"[1, 8, 6]",end
660,"[1, 8, 9]",8
660,"[8, 6]",end
661,"[3, 1, 8]",6
661,[6],end
662,"[1, 8, 6]",end
663,"[1, 8, 6]",end
665,"[1, 1, 8]",6
665,[6],end
666,"[1, 1, 8]",9
666,"[9, 6]",end
667,"[1, 8, 6]",end
668,"[1, 8, 6]",end
669,"[1, 8, 6]",end
670,"[1, 8, 6]",end
671,"[1, 1, 8]",6
671,[6],end
672,"[1, 1, 8]",9
672,"[9, 8, 6]",end
673,"[1, 8, 6]",end
674,"[1, 8, 9]",8
674,"[8, 6]",end
675,"[1, 8, 9]",8
675,"[8, 6]",end
677,"[1, 9, 8]",6
677,[6],end
678,"[1, 8, 9]",8
678,"[8, 6]",end
680,"[1, 8, 6]",end
681,"[1, 8, 6]",end
682,"[1, 8, 6]",end
683,"[1, 8, 6]",end
684,"[1, 8, 6]",end
686,"[1, 8, 6]",end
687,"[1, 8, 6]",end
688,"[1, 1, 8]",6
688,[6],end
689,"[1, 8, 6]",end
690,"[1, 1, 8]",6
690,[6],end
692,"[1, 8, 6]",end
693,"[1, 8, 6]",end
694,"[1, 8, 6]",end
695,"[1, 8, 9]",8
695,"[8, 6]",end
697,"[1, 8, 6]",end
698,"[1, 8, 6]",6
698,[6],end
699,"[1, 8, 9]",9
699,"[9, 8, 6]",end
700,"[1, 6, 6]",end
702,"[1, 8, 6]",end
703,"[1, 8, 9]",8
703,"[8, 6]",end
704,"[1, 8, 6]",end
705,"[1, 6]",end
706,"[1, 8, 6]",end
707,"[1, 8, 6]",end
709,"[1, 1, 8]",6
709,"[6, 6]",end
710,"[1, 8, 6]",end
711,"[1, 8, 6]",end
712,"[1, 8, 9]",6
712,[6],end
713,"[3, 1, 8]",6
713,[6],end
714,"[1, 8, 6]",end
715,"[1, 8, 9]",8
715,"[8, 6]",end
716,"[1, 8, 6]",6
716,[6],end
717,"[1, 8, 6]",end
718,"[1, 8, 6]",end
719,"[1, 8, 6]",end
720,"[1, 8, 6]",end
721,"[1, 8, 6]",end
722,"[1, 8, 6]",end
723,"[1, 8, 6]",end
724,"[1, 8, 6]",end
725,"[1, 1, 1]",8
725,"[8, 6]",end
726,"[1, 8, 6]",end
727,"[1, 8, 6]",8
727,"[8, 9, 8]",6
727,[6],end
729,"[1, 8, 6]",end
730,"[1, 8, 9]",8
730,"[8, 6]",end
731,"[1, 8, 8]",6
731,[6],end
733,"[1, 8, 6]",end
734,"[1, 8, 6]",end
735,"[1, 8, 6]",end
736,"[1, 8, 6]",end
737,"[1, 8, 6]",end
738,"[1, 1, 8]",6
738,[6],end
739,"[1, 8, 6]",end
740,"[1, 8, 6]",end
741,"[1, 8, 6]",end
742,"[1, 6]",end
743,"[1, 8, 6]",6
743,[6],end
744,"[1, 8, 9]",6
744,[6],end
745,"[1, 8, 6]",end
746,"[1, 8, 6]",end
748,"[1, 8, 9]",8
748,"[8, 6]",end
749,"[1, 8, 9]",6
749,"[6, 6]",end
750,"[1, 1, 8]",6
750,[6],end
751,"[3, 1, 1]",8
751,"[8, 6]",end
752,"[1, 8, 6]",end
753,"[1, 8, 6]",end
754,"[1, 8, 9]",8
754,"[8, 6]",end
755,"[1, 8, 6]",end
756,"[1, 8, 6]",end
758,"[1, 8, 9]",6
758,[6],end
759,"[1, 1, 8]",6
759,[6],end
760,"[1, 8, 6]",end
761,"[1, 8, 6]",end
762,"[1, 8, 6]",end
763,"[1, 8, 6]",end
764,"[1, 8, 6]",end
765,"[1, 8, 6]",end
766,"[1, 8, 6]",end
767,"[1, 8, 6]",end
768,"[1, 8, 8]",9
768,"[9, 6]",end
769,"[1, 8, 6]",end
770,"[1, 8, 9]",6
770,[6],end
771,"[3, 1, 8]",6
771,[6],end
772,"[1, 8, 6]",end
773,"[1, 8, 6]",end
774,"[1, 1, 8]",6
774,[6],end
776,"[1, 8, 6]",end
777,"[1, 1, 6]",end
778,"[1, 8, 6]",end
779,"[1, 8, 9]",8
779,"[8, 6]",end
781,"[1, 8, 6]",8
781,"[8, 6, 6]",end
783,"[1, 8, 6]",end
784,"[1, 8, 6]",6
784,[6],end
785,"[1, 8, 6]",end
786,"[1, 1, 8]",8
786,"[8, 6]",end
787,"[1, 8, 6]",end
788,"[1, 8, 9]",6
788,[6],end
789,"[1, 8, 6]",end
790,"[1, 8, 9]",6
790,[6],end
791,"[1, 8, 6]",end
792,"[1, 8, 6]",end
793,"[1, 8, 6]",end
794,"[1, 8, 6]",end
795,"[1, 8, 6]",6
795,[6],end
796,"[1, 8, 9]",6
796,[6],end
797,"[1, 8, 6]",end
798,"[1, 1, 1]",8
798,"[8, 9, 8]",9
798,"[9, 8, 6]",end
799,"[1, 8, 9]",6
799,[6],end
800,"[1, 8, 6]",end
801,"[1, 8, 6]",end
802,"[1, 8, 6]",end
803,"[1, 1, 8]",6
803,[6],end
804,"[1, 1, 1]",1
804,"[1, 8, 6]",end
806,"[1, 8, 9]",6
806,[6],end
808,"[3, 1, 8]",6
808,[6],end
810,"[1, 8, 6]",end
811,"[1, 6, 6]",end
812,"[1, 8, 6]",end
813,"[1, 8, 6]",end
814,"[1, 8, 6]",end
815,"[1, 8, 6]",end
816,"[1, 8, 9]",6
816,[6],end
817,"[1, 8, 9]",8
817,"[8, 9, 6]",end
818,"[1, 8, 6]",end
819,"[1, 8, 6]",end
820,"[1, 8, 6]",end
822,"[1, 8, 6]",end
823,"[1, 8, 9]",6
823,[6],end
827,"[1, 8, 9]",6
827,[6],end
828,"[1, 8, 6]",8
828,"[8, 6]",end
829,"[1, 8, 6]",end
830,"[1, 1, 8]",6
830,[6],end
832,"[1, 8, 6]",end
833,"[3, 1, 8]",6
833,[6],end
834,"[1, 1, 8]",6
834,[6],end
835,"[1, 1, 8]",6
835,[6],end
836,"[1, 8, 2]",5
836,"[5, 5, 6]",end
837,"[1, 8, 6]",end
838,"[1, 8, 6]",end
840,"[1, 8, 6]",end
842,"[1, 8, 6]",end
843,"[1, 8, 6]",end
844,"[1, 8, 6]",end
846,"[3, 1, 8]",6
846,[6],end
847,"[1, 8, 6]",end
848,"[1, 8, 6]",end
850,"[8, 6]",end
851,"[1, 8, 6]",end
852,"[1, 8, 6]",end
853,"[1, 8, 6]",end
854,"[1, 8, 6]",end
855,"[1, 8, 6]",end
857,"[1, 8, 9]",6
857,[6],end
858,"[1, 8, 6]",end
859,"[1, 8, 6]",end
860,"[1, 8, 6]",end
861,"[1, 1, 8]",8
861,"[8, 6]",end
862,"[1, 8, 6]",end
863,"[1, 8, 6]",end
864,"[1, 8, 9]",8
864,"[8, 6]",end
865,"[1, 8, 6]",end
866,"[1, 8, 6]",end
867,"[1, 1, 8]",6
867,[6],end
869,"[1, 8, 6]",end
870,"[1, 8, 6]",end
871,"[1, 8, 6]",end
872,"[1, 8, 6]",end
873,"[1, 8, 6]",end
874,"[1, 1, 1]",8
874,"[8, 6]",end
876,"[1, 8, 9]",6
876,[6],end
877,"[1, 8, 9]",6
877,[6],end
878,"[1, 8, 6]",end
879,"[1, 8, 6]",end
880,"[1, 8, 6]",end
882,"[1, 8, 6]",end
883,"[1, 8, 9]",8
883,"[8, 9, 6]",6
883,[6],end
884,"[1, 8, 6]",end
885,"[1, 6]",end
886,"[1, 8, 6]",end
887,"[1, 8, 9]",9
887,"[9, 6]",end
888,"[1, 8, 6]",end
889,"[1, 1, 8]",6
889,[6],end
890,"[1, 8, 9]",9
890,"[9, 8, 9]",8
890,"[8, 6]",end
891,"[1, 8, 6]",end
892,"[1, 8, 6]",end
893,"[1, 6]",end
895,"[1, 8, 6]",6
895,"[6, 8, 6]",end
896,"[1, 8, 6]",end
897,"[1, 8, 6]",end
898,"[1, 8, 9]",6
898,[6],end
899,"[1, 8, 2]",6
899,"[6, 8, 2]",6
899,[6],end
900,"[1, 8, 9]",8
900,"[8, 6]",end
901,"[1, 6, 6]",end
902,"[1, 8, 6]",end
903,"[3, 1, 8]",6
903,[6],end
904,"[1, 8, 6]",end
905,"[1, 1, 8]",6
905,[6],end
907,"[1, 8, 9]",8
907,"[8, 6]",end
908,"[1, 8, 6]",end
909,"[1, 8, 6]",end
910,"[1, 8, 6]",end
912,"[1, 1, 8]",6
912,[6],end
913,"[1, 8, 6]",end
914,"[1, 8, 6]",end
915,"[1, 8, 6]",end
916,"[1, 8, 6]",end
917,"[1, 8, 6]",end
918,"[1, 8, 6]",end
919,"[1, 8, 9]",8
919,"[8, 6]",end
920,"[1, 8, 6]",end
921,"[1, 8, 6]",end
922,"[1, 8, 9]",9
922,"[9, 8, 6]",end
923,"[1, 6, 6]",end
924,"[1, 8, 9]",8
924,"[8, 6]",end
925,"[1, 8, 6]",end
926,"[1, 8, 6]",end
927,"[1, 8, 6]",end
928,"[1, 8, 6]",end
929,"[1, 1, 8]",9
929,"[9, 8, 6]",end
931,"[1, 8, 6]",end
932,"[1, 6]",end
933,"[1, 1, 8]",6
933,[6],end
934,"[1, 8, 6]",6
934,[6],end
935,"[1, 8, 6]",end
936,"[1, 8, 9]",8
936,"[8, 6]",end
937,"[1, 8, 4]",6
937,[6],end
938,"[1, 8, 9]",6
938,[6],end
940,"[1, 8, 6]",end
941,"[1, 8, 9]",6
941,[6],end
942,"[1, 8, 6]",end
943,"[1, 8, 6]",end
944,"[1, 8, 8]",8
944,"[8, 9, 9]",8
944,"[8, 6]",end
945,"[1, 1, 8]",6
945,[6],end
946,"[1, 8, 6]",end
947,"[1, 1, 1]",8
947,"[8, 9, 6]",end
948,"[1, 9, 8]",9
948,"[9, 8, 6]",end
950,"[1, 8, 6]",end
952,"[1, 8, 9]",6
952,[6],end
953,"[1, 8, 6]",end
954,"[1, 8, 6]",end
955,"[1, 8, 6]",end
956,"[1, 8, 6]",end
957,"[1, 8, 6]",end
958,"[1, 8, 9]",8
958,"[8, 6]",end
960,"[1, 8, 6]",end
962,"[1, 8, 6]",end
965,"[1, 8, 9]",8
965,"[8, 6]",end
966,"[1, 8, 9]",8
966,"[8, 6]",end
967,"[1, 8, 6]",end
968,"[1, 8, 6]",end
969,"[1, 1, 8]",6
969,[6],end
970,"[1, 8, 6]",end
971,"[3, 1, 8]",6
971,[6],end
972,"[1, 8, 6]",end
973,"[1, 1, 8]",6
973,"[6, 8, 9]",8
973,"[8, 6]",end
974,"[1, 1, 8]",6
974,[6],end
975,"[1, 8, 6]",6
975,[6],end
976,"[1, 8, 6]",end
977,"[1, 8, 9]",8
977,"[8, 6]",end
978,"[1, 1, 8]",6
978,[6],end
981,"[1, 8, 6]",6
981,[6],end
982,"[1, 8, 6]",end
983,"[1, 6]",end
985,"[1, 8, 6]",end
987,"[1, 8, 6]",8
987,"[8, 6]",end
990,"[1, 8, 6]",end
991,"[1, 8, 9]",8
991,"[8, 6]",end
992,"[1, 8, 6]",end
993,"[1, 8, 9]",8
993,"[8, 6]",end
994,"[1, 8, 6]",end
995,"[1, 8, 9]",8
995,"[8, 6]",end
996,"[1, 8, 6]",end
997,"[1, 8, 6]",end
1000,"[1, 1, 8]",6
1000,[6],end
1002,"[1, 8, 6]",end
1003,"[1, 8, 6]",end
1004,"[1, 8, 6]",end
1005,"[1, 8, 6]",end
1006,"[1, 8, 6]",end
1008,"[1, 8, 6]",end
1009,"[1, 8, 9]",6
1009,[6],end
1011,"[3, 1, 8]",6
1011,[6],end
1012,"[1, 8, 6]",end
1013,"[1, 6]",end
1014,"[1, 8, 9]",8
1014,"[8, 6]",end
1015,"[1, 8, 6]",end
1016,"[1, 8, 6]",end
1017,"[1, 8, 9]",6
1017,"[6, 6]",end
1018,"[1, 8, 6]",end
1020,"[1, 8, 9]",6
1020,[6],end
1021,"[1, 8, 6]",end
1022,"[1, 1, 8]",6
1022,[6],end
1024,"[1, 1, 8]",6
1024,[6],end
1025,"[1, 8, 9]",8
1025,"[8, 6]",end
1028,"[1, 8, 6]",end
1029,"[1, 8, 6]",end
1030,"[1, 1, 8]",2
1030,"[2, 6]",end
1031,"[1, 8, 9]",8
1031,"[8, 6]",end
1032,"[1, 8, 9]",6
1032,[6],end
1033,"[1, 8, 9]",6
1033,[6],end
1034,"[1, 8, 6]",end
1035,"[1, 1, 8]",9
1035,"[9, 8, 6]",end
1036,"[1, 8, 9]",8
1036,"[8, 6]",end
1037,"[1, 8, 6]",end
1038,"[1, 8, 6]",end
1039,"[1, 8, 6]",end
1040,"[1, 8, 6]",end
1041,"[1, 8, 6]",end
1042,"[1, 8, 6]",end
1044,"[1, 8, 6]",8
1044,"[8, 9, 8]",6
1044,[6],end
1045,"[1, 8, 6]",end
1046,"[1, 8, 6]",end
1047,"[1, 1, 8]",9
1047,"[9, 6]",end
1048,"[1, 8, 9]",8
1048,"[8, 6]",end
1049,"[1, 8, 6]",6
1049,[6],end
1050,"[1, 8, 9]",8
1050,"[8, 6, 8]",9
1050,"[9, 8, 6]",end
1051,"[1, 8, 6]",end
1052,"[1, 8, 6]",end
1053,"[1, 1, 8]",9
1053,"[9, 6]",end
1055,"[1, 8, 6]",end
1056,"[1, 8, 6]",end
1058,"[1, 8, 9]",6
1058,[6],end
1059,"[1, 8, 6]",end
1060,"[1, 8, 6]",end
1061,"[1, 1, 8]",9
1061,"[9, 6]",end
1062,"[8, 9, 6]",end
1063,"[1, 8, 6]",end
1064,"[1, 8, 6]",end
1065,"[1, 6]",end
1066,"[1, 8, 6]",end
1067,"[1, 8, 6]",end
1068,"[1, 8, 6]",end
1069,"[1, 8, 6]",end
1071,"[1, 8, 6]",end
1072,"[1, 1, 8]",6
1072,[6],end
1073,"[1, 8, 6]",end
1074,"[1, 8, 9]",6
1074,[6],end
1075,"[1, 8, 6]",end
1076,"[1, 8, 9]",6
1076,[6],end
1077,"[1, 1, 8]",6
1077,[6],end
1078,"[1, 8, 6]",6
1078,[6],end
1080,"[3, 1, 8]",9
1080,"[9, 8, 6]",end
1081,"[1, 8, 9]",6
1081,[6],end
1082,"[1, 8, 6]",end
1083,"[1, 1, 8]",6
1083,[6],end
1084,"[1, 8, 6]",end
1085,"[1, 8, 7]",8
1085,"[8, 9, 8]",6
1085,[6],end
1086,"[1, 8, 6]",end
1089,"[1, 8, 9]",8
1089,"[8, 6]",end
1090,"[1, 8, 6]",6
1090,[6],end
1091,"[8, 9, 6]",end
1092,"[1, 6]",end
1093,"[1, 6]",end
1094,"[1, 8, 6]",end
1095,"[1, 1, 6]",end
1097,"[1, 8, 2]",6
1097,"[6, 8, 6]",end
1098,"[1, 1, 8]",6
1098,[6],end
1099,"[1, 8, 6]",end
1100,"[1, 8, 9]",8
1100,"[8, 6]",end
1101,"[1, 8, 6]",end
1102,"[1, 8, 6]",6
1102,[6],end
1103,"[1, 8, 6]",end
1105,"[1, 1, 1]",8
1105,"[8, 6, 6]",end
1106,"[1, 8, 6]",end
1107,"[1, 8, 6]",end
1108,"[1, 8, 6]",end
1112,"[1, 8, 9]",9
1112,"[9, 6]",end
1114,"[1, 8, 9]",8
1114,"[8, 8, 9]",8
1114,"[8, 9, 8]",6
1114,[6],end
1115,"[1, 8, 6]",end
1116,"[1, 8, 6]",end
1117,"[1, 8, 6]",end
1118,"[1, 1, 8]",6
1118,[6],end
1119,"[1, 8, 6]",end
1120,"[1, 8, 6]",end
1121,"[1, 8, 6]",end
1122,"[1, 8, 6]",end
1123,"[1, 8, 6]",end
1125,"[1, 8, 6]",end
1126,"[1, 6, 6]",end
1127,"[1, 8, 6]",end
1128,"[1, 8, 6]",end
1130,"[1, 8, 6]",end
1131,"[1, 8, 6]",end
1132,"[1, 8, 6]",end
1133,"[1, 8, 6]",end
1134,"[1, 8, 6]",end
1135,"[1, 8, 4]",6
1135,[6],end
1136,"[1, 6]",end
1137,"[1, 8, 6]",end
1138,"[1, 8, 6]",end
1139,"[1, 8, 6]",end
1140,"[1, 8, 9]",8
1140,"[8, 6]",end
1141,"[1, 8, 9]",8
1141,"[8, 9, 8]",9
1141,"[9, 8, 9]",8
1141,"[8, 6]",end
1143,"[1, 8, 6]",end
1146,"[1, 8, 6]",end
1147,"[1, 8, 6]",end
1148,"[1, 8, 6]",end
1149,"[1, 8, 6]",end
1150,"[1, 8, 6]",end
1151,"[1, 8, 6]",end
1152,"[1, 8, 6]",end
1153,"[1, 8, 9]",6
1153,[6],end
1154,"[1, 9, 8]",6
1154,"[6, 6]",end
1155,"[1, 8, 9]",8
1155,"[8, 6]",end
1157,"[1, 8, 6]",end
1158,"[1, 1, 8]",9
1158,"[9, 8, 6]",end
1160,"[1, 8, 6]",end
1161,"[1, 8, 6]",end
1162,"[1, 8, 6]",end
1163,"[1, 6]",end
1165,"[1, 8, 6]",end
1166,"[1, 8, 6]",end
1167,"[1, 8, 9]",8
1167,"[8, 6]",end
1168,"[1, 9, 8]",6
1168,"[6, 6]",end
1169,"[1, 6]",end
1170,"[1, 8, 6]",end
1171,"[1, 8, 6]",end
1172,"[1, 8, 9]",6
1172,[6],end
1173,"[1, 8, 9]",8
1173,"[8, 2, 6]",8
1173,"[8, 6]",end
1174,"[1, 8, 6]",end
1175,"[1, 8, 6]",8
1175,"[8, 6]",end
1177,"[1, 8, 6]",end
1178,"[1, 8, 6]",end
1180,"[1, 8, 9]",8
1180,"[8, 6]",end
1181,"[1, 8, 6]",end
1182,"[1, 8, 6]",end
1183,"[1, 8, 9]",8
1183,"[8, 6]",end
1184,"[1, 8, 6]",end
1185,"[1, 8, 6]",end
1186,"[1, 8, 6]",end
1187,"[1, 8, 6]",end
1188,"[1, 8, 6]",end
1189,"[1, 8, 9]",8
1189,"[8, 6]",end
1190,"[1, 8, 6]",6
1190,[6],end
1191,"[1, 8, 9]",8
1191,"[8, 6]",end
1192,"[8, 6]",end
1194,"[1, 1, 8]",6
1194,[6],end
1195,"[1, 8, 6]",end
1196,"[1, 8, 6]",end
1197,"[1, 1, 8]",9
1197,"[9, 6]",end
1198,"[1, 6, 6]",end
1199,"[1, 8, 6]",end
1200,"[1, 8, 6]",end
1201,"[1, 8, 6]",end
1202,"[1, 1, 8]",6
1202,[6],end
1203,"[1, 8, 6]",end
1204,"[1, 8, 9]",8
1204,"[8, 6, 8]",6
1204,[6],end
1205,"[1, 8, 6]",end
1206,"[1, 8, 6]",end
1207,"[1, 8, 9]",6
1207,[6],end
1208,"[1, 8, 6]",end
1209,"[1, 8, 6]",end
1211,"[1, 1, 8]",6
1211,[6],end
1212,"[1, 8, 6]",end
1213,"[1, 8, 6]",end
1214,"[1, 8, 8]",6
1214,[6],end
1215,"[1, 8, 6]",end
1216,"[1, 8, 6]",end
1217,"[1, 8, 6]",end
1218,"[1, 8, 9]",8
1218,"[8, 6]",end
1219,"[1, 8, 6]",end
1220,"[1, 8, 6]",end
1222,"[1, 8, 6]",end
1223,"[1, 8, 6]",8
1223,"[8, 6]",end
1224,"[1, 8, 6]",end
1225,"[1, 6]",end
1226,"[1, 6, 6]",end
1227,"[1, 8, 9]",8
1227,"[8, 9, 8]",6
1227,[6],end
1228,"[1, 8, 6]",end
1229,"[1, 8, 6]",end
1230,"[1, 8, 6]",end
1231,"[1, 8, 6]",end
1232,"[1, 8, 6]",end
1233,"[1, 8, 6]",end
1234,"[1, 8, 9]",6
1234,[6],end
1236,"[1, 8, 9]",6
1236,[6],end
1237,"[1, 8, 6]",end
1240,"[1, 8, 6]",end
1241,"[1, 8, 6]",end
1242,"[1, 8, 6]",end
1243,"[1, 8, 6]",end
1244,"[1, 8, 6]",end
1245,"[1, 8, 9]",8
1245,"[8, 6, 8]",9
1245,"[9, 8, 2]",6
1245,"[6, 8, 6]",end
1247,"[1, 8, 9]",8
1247,"[8, 6]",end
1248,"[1, 8, 9]",9
1248,"[9, 6]",end
1251,"[1, 8, 9]",6
1251,[6],end
1252,"[1, 8, 6]",6
1252,[6],end
1253,"[1, 8, 6]",end
1255,"[1, 8, 9]",6
1255,[6],end
1256,"[1, 8, 9]",6
1256,[6],end
1257,"[1, 8, 6]",end
1258,"[1, 8, 6]",end
1259,"[1, 6, 6]",end
1260,"[1, 8, 6]",end
1262,"[1, 8, 6]",end
1263,"[1, 8, 6]",end
1264,"[1, 8, 9]",8
1264,"[8, 6]",end
1265,"[1, 1, 8]",6
1265,[6],end
1266,"[1, 8, 6]",end
1267,"[1, 8, 6]",end
1268,"[1, 6]",end
1270,"[1, 8, 9]",8
1270,"[8, 6]",end
1271,"[1, 6]",end
1273,"[1, 8, 6]",end
1274,"[1, 8, 6]",end
1276,"[1, 1, 8]",6
1276,[6],end
1277,"[1, 8, 6]",end
1278,"[1, 8, 6]",end
1279,"[1, 1, 8]",6
1279,[6],end
1280,"[1, 8, 6]",end
1281,"[1, 8, 6]",6
1281,[6],end
1282,"[3, 1, 1]",8
1282,"[8, 9, 8]",6
1282,[6],end
1283,"[1, 8, 6]",end
1284,"[3, 1, 8]",6
1284,[6],end
1285,"[1, 8, 6]",end
1286,"[1, 8, 6]",end
1287,"[1, 8, 6]",end
1288,"[8, 6, 8]",9
1288,"[9, 8, 6]",end
1289,"[1, 8, 6]",end
1290,"[1, 8, 6]",end
1291,"[1, 8, 6]",end
1293,"[1, 8, 6]",end
1294,"[1, 8, 6]",end
1295,"[1, 8, 6]",end
1296,"[1, 8, 6]",end
1297,"[1, 8, 8]",6
1297,[6],end
1298,"[1, 8, 6]",end
1300,"[1, 8, 6]",end
1302,"[1, 8, 9]",8
1302,"[8, 6, 8]",6
1302,[6],end
1306,"[1, 8, 6]",end
1307,"[1, 8, 9]",8
1307,"[8, 6]",end
1308,"[1, 8, 6]",end
1310,"[1, 8, 9]",8
1310,"[8, 6]",end
1311,"[1, 8, 6]",end
1312,"[1, 8, 6]",end
1313,"[1, 8, 6]",end
1316,"[1, 8, 6]",end
1317,"[1, 6]",end
1320,"[1, 8, 6]",end
1321,"[1, 8, 9]",6
1321,[6],end
1322,"[1, 8, 9]",8
1322,"[8, 6]",end
1324,"[1, 8, 6]",8
1324,"[8, 6]",end
1325,"[1, 6]",end
1326,"[1, 8, 6]",end
1327,"[1, 9, 6]",end
1328,"[1, 8, 9]",8
1328,"[8, 6]",end
1329,"[1, 8, 6]",end
1330,"[1, 6, 6]",end
1331,"[1, 8, 6]",end
1332,"[1, 8, 6]",end
1333,"[1, 8, 9]",8
1333,"[8, 6]",end
1334,"[1, 1, 8]",9
1334,"[9, 6]",end
1335,"[1, 8, 6]",end
1336,"[1, 8, 6]",6
1336,[6],end
1337,"[1, 8, 6]",end
1338,"[1, 6]",end
1339,"[1, 1, 8]",9
1339,"[9, 8, 9]",6
1339,[6],end
1340,"[1, 8, 6]",end
1341,"[1, 8, 6]",end
1342,"[1, 6, 6]",end
1343,"[1, 8, 9]",6
1343,[6],end
1344,"[1, 8, 6]",end
1345,"[1, 8, 9]",8
1345,"[8, 2, 6]",end
1346,"[1, 8, 9]",6
1346,[6],end
1347,"[1, 8, 6]",end
1348,"[1, 8, 6]",end
1349,"[1, 8, 9]",6
1349,[6],end
1350,"[1, 8, 9]",6
1350,[6],end
1351,"[3, 1, 8]",6
1351,[6],end
1352,"[1, 8, 6]",end
1353,"[1, 8, 9]",9
1353,"[9, 8, 6]",end
1354,"[1, 8, 9]",6
1354,[6],end
1355,"[1, 8, 6]",end
1356,"[1, 8, 6]",end
1357,"[1, 8, 6]",end
1360,"[1, 8, 6]",end
1361,"[1, 8, 6]",end
1362,"[1, 8, 6]",end
1363,"[1, 8, 6]",end
1365,"[3, 8, 6]",end
1367,"[1, 8, 6]",end
1368,"[1, 6]",end
1369,"[3, 1, 1]",8
1369,"[8, 9, 6]",end
1370,"[1, 8, 6]",end
1372,"[1, 8, 6]",end
1373,"[1, 1, 8]",6
1373,[6],end
1374,"[1, 8, 9]",6
1374,[6],end
1376,"[1, 8, 6]",8
1376,"[8, 6]",end
1377,"[1, 8, 9]",8
1377,"[8, 6]",end
1378,"[1, 8, 6]",end
1379,"[1, 8, 6]",end
1380,"[1, 8, 9]",6
1380,[6],end
1381,"[1, 1, 8]",9
1381,"[9, 8, 6]",end
1382,"[1, 8, 6]",end
1383,"[1, 8, 6]",end
1385,"[1, 1, 8]",6
1385,[6],end
1389,"[1, 8, 6]",end
1390,"[1, 8, 9]",8
1390,"[8, 6]",end
1391,"[1, 1, 8]",9
1391,"[9, 8, 6]",end
1392,"[1, 8, 6]",end
1394,"[1, 8, 6]",end
1395,"[1, 1, 8]",6
1395,[6],end
1399,"[1, 8, 6]",end
1400,"[1, 8, 6]",end
1401,"[1, 8, 9]",6
1401,[6],end
1402,"[3, 1, 8]",6
1402,[6],end
1403,"[1, 1, 8]",9
1403,"[9, 8, 6]",end
1404,"[1, 8, 6]",end
1405,"[1, 8, 6]",end
1406,"[1, 8, 6]",end
1408,"[1, 8, 6]",6
1408,[6],end
1410,"[1, 8, 6]",end
1411,"[1, 8, 9]",8
1411,"[8, 9, 8]",6
1411,[6],end
1412,"[1, 8, 6]",end
1413,"[1, 8, 8]",6
1413,[6],end
1414,"[1, 8, 9]",8
1414,"[8, 6]",end
1415,"[1, 8, 6]",end
1416,"[1, 8, 6]",end
1417,"[1, 8, 6]",end
1418,"[1, 8, 6]",end
1419,"[1, 8, 9]",6
1419,[6],end
1421,"[1, 8, 6]",end
1422,"[1, 1, 8]",6
1422,[6],end
1423,"[1, 8, 9]",6
1423,[6],end
1424,"[1, 8, 6]",end
1425,"[1, 8, 6]",end
1426,"[1, 8, 6]",8
1426,"[8, 6]",end
1427,"[1, 8, 6]",end
1428,"[1, 8, 9]",9
1428,"[9, 8, 6]",6
1428,"[6, 6]",end
1429,"[1, 8, 9]",6
1429,[6],end
1430,"[1, 8, 6]",end
1431,"[1, 8, 8]",6
1431,[6],end
1434,"[1, 8, 6]",end
1435,"[1, 6]",end
1436,"[1, 8, 9]",8
1436,"[8, 9, 8]",9
1436,"[9, 8, 6]",end
1437,"[1, 8, 6]",end
1438,"[1, 8, 6]",end
1439,"[1, 8, 6]",end
1440,"[1, 8, 6]",end
1442,"[1, 1, 1]",8
1442,"[8, 6]",end
1443,"[1, 6]",end
1444,"[1, 8, 6]",end
1446,"[1, 1, 1]",8
1446,"[8, 6, 8]",9
1446,"[9, 8, 6]",end
1447,"[1, 8, 6]",end
1448,"[1, 8, 9]",6
1448,[6],end
1452,"[1, 8, 6]",end
1453,"[1, 8, 6]",6
1453,[6],end
1454,"[1, 8, 6]",end
1455,"[1, 8, 6]",end
1456,"[1, 8, 8]",8
1456,"[8, 6]",end
1458,"[1, 6]",end
1459,"[1, 8, 6]",end
1461,"[1, 8, 6]",end
1462,"[1, 8, 9]",6
1462,[6],end
1463,"[1, 1, 8]",6
1463,[6],end
1466,"[1, 8, 6]",end
1467,"[1, 8, 6]",end
1468,"[1, 1, 8]",6
1468,[6],end
1469,"[1, 8, 6]",end
1470,"[1, 8, 6]",end
1472,"[1, 8, 9]",8
1472,"[8, 9, 8]",6
1472,[6],end
1473,"[1, 6, 6]",end
1474,"[1, 8, 6]",end
1475,"[1, 8, 9]",8
1475,"[8, 6]",end
1476,"[1, 8, 9]",8
1476,"[8, 6]",end
1477,"[1, 8, 6]",end
1479,"[1, 8, 6]",end
1480,"[1, 8, 6]",end
1481,"[1, 8, 6]",end
1482,"[1, 8, 6]",end
1483,"[1, 8, 6]",end
1485,"[1, 8, 6]",end
1486,"[1, 8, 6]",end
1488,"[1, 8, 6]",end
1489,"[1, 8, 6]",end
1490,"[8, 6]",end
1491,"[1, 8, 9]",8
1491,"[8, 6]",end
1492,"[3, 1, 1]",8
1492,"[8, 9, 8]",6
1492,[6],end
1493,"[1, 8, 6]",end
1494,"[1, 1, 8]",6
1494,[6],end
1496,"[1, 1, 8]",6
1496,"[6, 8, 6]",end
1497,"[1, 6, 6]",end
1498,"[1, 8, 6]",end
1499,"[1, 8, 9]",8
1499,"[8, 9, 8]",9
1499,"[9, 8, 6]",8
1499,"[8, 9, 8]",6
1499,[6],end
1500,"[1, 6, 6]",end
1502,"[1, 8, 9]",8
1502,"[8, 9, 8]",6
1502,"[6, 8, 6]",end
1503,"[1, 8, 6]",end
1504,"[1, 8, 6]",end
1505,"[1, 8, 6]",end
1508,"[1, 8, 6]",end
1511,"[1, 8, 6]",end
1512,"[1, 8, 6]",end
1513,"[1, 1, 8]",6
1513,[6],end
1514,"[1, 8, 6]",end
1515,"[1, 8, 6]",end
1516,"[1, 1, 1]",8
1516,"[8, 9, 6]",end
1517,"[1, 8, 6]",end
1518,"[1, 9, 8]",9
1518,"[9, 8, 6]",end
1520,"[1, 8, 6]",end
1521,"[1, 8, 6]",end
1522,"[1, 8, 6]",6
1522,[6],end
1523,"[1, 8, 6]",end
1524,"[1, 8, 6]",6
1524,[6],end
1525,"[1, 6]",end
1526,"[1, 8, 9]",6
1526,[6],end
1527,"[1, 1, 8]",6
1527,[6],end
1528,"[1, 1, 1]",8
1528,"[8, 6, 8]",2
1528,"[2, 6, 8]",2
1528,"[2, 6]",end
1529,"[1, 8, 6]",end
1530,"[1, 1, 8]",6
1530,[6],end
1531,"[1, 8, 6]",end
1532,"[1, 8, 6]",end
1533,"[1, 8, 8]",6
1533,"[6, 8, 6]",end
1534,"[1, 8, 6]",end
1536,"[1, 8, 6]",end
1537,"[1, 8, 9]",6
1537,[6],end
1538,"[1, 8, 6]",end
1539,"[1, 8, 9]",8
1539,"[8, 6]",end
1540,"[1, 1, 8]",9
1540,"[9, 8, 6]",end
1541,"[1, 1, 8]",6
1541,[6],end
1542,"[1, 8, 6]",end
1544,"[1, 6]",end
1545,"[1, 8, 6]",end
1546,"[1, 8, 9]",6
1546,"[6, 8, 8]",6
1546,"[6, 6]",end
1547,"[1, 8, 6]",end
1548,"[1, 8, 6]",end
1549,"[1, 8, 6]",end
1550,"[1, 6]",end
1551,"[1, 8, 6]",end
1552,"[1, 8, 6]",end
1554,"[1, 8, 6]",end
1555,"[1, 8, 6]",end
1556,"[1, 8, 6]",end
1557,"[1, 1, 8]",9
1557,"[9, 8, 6]",8
1557,"[8, 9, 8]",6
1557,[6],end
1558,"[1, 8, 6]",end
1559,"[1, 8, 6]",6
1559,[6],end
1560,"[1, 8, 6]",end
1561,"[1, 8, 6]",end
1563,"[1, 8, 6]",end
1564,"[1, 8, 6]",end
1565,"[1, 8, 6]",end
1566,"[1, 8, 6]",end
1567,"[1, 8, 9]",8
1567,"[8, 6]",end
1568,"[1, 8, 6]",end
1569,"[1, 8, 6]",end
1572,"[1, 1, 8]",6
1572,[6],end
1573,"[1, 6]",end
1575,"[1, 8, 9]",8
1575,"[8, 6, 8]",6
1575,[6],end
1576,"[1, 8, 6]",end
1578,"[1, 8, 6]",end
1579,"[1, 8, 6]",end
1581,"[1, 8, 6]",end
1582,"[1, 8, 6]",6
1582,[6],end
1583,"[1, 8, 6]",end
1584,"[1, 8, 6]",end
1585,"[1, 8, 6]",end
1586,"[1, 8, 6]",end
1587,"[1, 8, 9]",6
1587,[6],end
1588,"[1, 8, 6]",end
1589,"[1, 8, 6]",end
1590,"[1, 8, 6]",end
1591,"[1, 8, 6]",end
1592,"[1, 8, 9]",6
1592,[6],end
1593,"[1, 8, 6]",end
1594,"[1, 8, 6]",8
1594,"[8, 2, 6]",8
1594,"[8, 2, 6]",end
1595,"[1, 8, 9]",8
1595,"[8, 9, 8]",6
1595,[6],end
1596,"[1, 8, 6]",end
1597,"[1, 8, 6]",end
1598,"[1, 8, 6]",6
1598,[6],end
1599,"[1, 8, 6]",end
1600,"[1, 8, 6]",end
1601,"[1, 8, 6]",end
1602,"[1, 8, 6]",end
1606,"[1, 8, 9]",6
1606,"[6, 8, 9]",6
1606,[6],end
1607,"[1, 8, 6]",end
1608,"[1, 8, 6]",end
1611,"[1, 1, 8]",6
1611,[6],end
1612,"[1, 8, 6]",end
1613,"[1, 8, 6]",end
1614,"[1, 8, 6]",end
1616,"[1, 8, 6]",end
1617,"[1, 9, 8]",6
1617,[6],end
1618,"[1, 8, 6]",end
1619,"[1, 6, 6]",end
1620,"[1, 8, 9]",8
1620,"[8, 9, 6]",end
1621,"[1, 8, 6]",end
1622,"[1, 1, 8]",9
1622,"[9, 9, 8]",6
1622,[6],end
1623,"[1, 8, 6]",end
1624,"[1, 8, 6]",end
1625,"[1, 8, 6]",end
1626,"[1, 8, 6]",end
1627,"[1, 8, 6]",end
1628,"[1, 8, 6]",end
1629,"[1, 1, 1]",8
1629,"[8, 6]",end
1630,"[1, 8, 6]",end
1631,"[1, 8, 6]",end
1632,"[1, 8, 6]",end
1633,"[1, 1, 8]",6
1633,[6],end
1634,"[1, 8, 6]",end
1635,"[1, 8, 6]",end
1636,"[1, 8, 6]",end
1637,"[1, 6, 6]",end
1638,"[1, 8, 6]",end
1639,"[1, 8, 6]",end
1640,"[1, 8, 6]",end
1641,"[1, 1, 1]",8
1641,"[8, 9, 8]",6
1641,[6],end
1642,"[1, 8, 9]",6
1642,[6],end
1643,"[1, 9, 6]",end
1644,"[1, 8, 6]",end
1645,"[1, 6]",end
1646,"[1, 8, 6]",end
1647,"[1, 8, 6]",end
1648,"[1, 8, 6]",end
1649,"[1, 8, 6]",end
1651,"[1, 8, 9]",6
1651,[6],end
1652,"[1, 1, 8]",6
1652,[6],end
1653,"[1, 8, 6]",end
1654,"[1, 8, 6]",end
1656,"[1, 6]",end
1657,"[1, 8, 6]",end
1659,"[1, 1, 8]",6
1659,[6],end
1660,"[1, 8, 6]",end
1661,"[1, 8, 6]",end
1662,"[1, 1, 8]",6
1662,[6],end
1665,"[1, 8, 6]",end
1666,"[1, 8, 9]",6
1666,[6],end
1667,"[1, 8, 6]",end
1668,"[1, 8, 6]",end
1669,"[1, 8, 6]",end
1670,"[1, 8, 9]",8
1670,"[8, 6]",end
1672,"[1, 8, 9]",8
1672,"[8, 6]",end
1673,"[1, 8, 6]",end
1676,"[3, 1, 8]",6
1676,[6],end
1677,"[1, 8, 6]",end
1678,"[8, 6]",end
1680,"[1, 8, 9]",6
1680,[6],end
1682,"[1, 8, 6]",end
1683,"[1, 8, 6]",end
1684,"[1, 1, 8]",9
1684,"[9, 8, 9]",8
1684,"[8, 6]",end
1685,"[1, 8, 9]",9
1685,"[9, 6]",end
1686,"[1, 6, 6]",end
1687,"[1, 8, 6]",end
1688,"[1, 8, 9]",8
1688,"[8, 9, 8]",6
1688,[6],end
1689,"[1, 8, 9]",6
1689,[6],end
1690,"[1, 8, 9]",6
1690,[6],end
1692,"[1, 8, 9]",8
1692,"[8, 6]",end
1693,"[1, 8, 8]",9
1693,"[9, 8, 6]",end
1694,"[1, 8, 6]",end
1695,"[1, 8, 6]",end
1696,"[1, 8, 6]",end
1698,"[1, 8, 6]",end
1699,"[1, 8, 6]",end
1700,"[1, 8, 6]",end
1701,"[1, 1, 8]",6
1701,[6],end
1702,"[1, 8, 9]",6
1702,[6],end
1703,"[1, 8, 6]",end
1705,"[1, 8, 6]",end
1706,"[1, 1, 8]",6
1706,[6],end
1707,"[1, 1, 8]",6
1707,[6],end
1708,"[1, 8, 6]",end
1710,"[1, 8, 6]",end
1712,"[1, 8, 6]",end
1713,"[1, 8, 6]",end
1714,"[3, 1, 8]",6
1714,"[6, 8, 9]",8
1714,"[8, 6]",end
1715,"[1, 6]",end
1716,"[1, 8, 9]",9
1716,"[9, 9, 6]",end
1717,"[1, 6]",end
1719,"[1, 8, 6]",6
1719,[6],end
1720,"[1, 8, 9]",8
1720,"[8, 6]",end
1721,"[1, 8, 6]",end
1722,"[1, 8, 6]",end
1724,"[1, 9, 8]",9
1724,"[9, 8, 6]",end
1725,"[1, 6]",end
1726,"[1, 8, 9]",6
1726,[6],end
1727,"[1, 8, 6]",end
1728,"[3, 1, 8]",6
1728,"[6, 8, 6]",end
1729,"[1, 8, 6]",8
1729,"[8, 6]",end
1731,"[1, 8, 6]",end
1732,"[1, 8, 6]",end
1733,"[1, 8, 6]",end
1734,"[1, 8, 9]",8
1734,"[8, 6]",end
1736,"[1, 8, 6]",end
1737,"[1, 8, 9]",6
1737,[6],end
1738,"[1, 6]",end
1739,"[1, 8, 6]",end
1740,"[1, 1, 8]",6
1740,[6],end
1741,"[1, 8, 6]",end
1742,"[1, 8, 6]",end
1743,"[1, 6, 6]",end
1744,"[1, 8, 6]",8
1744,"[8, 6]",end
1745,"[8, 6]",end
1747,"[1, 8, 6]",end
1748,"[1, 8, 6]",end
1749,"[1, 8, 6]",end
1750,"[1, 8, 9]",6
1750,[6],end
1751,"[1, 8, 6]",end
1752,"[1, 8, 9]",8
1752,"[8, 8, 6]",end
1753,"[1, 8, 6]",end
1755,"[1, 1, 8]",9
1755,"[9, 6, 8]",6
1755,[6],end
1756,"[1, 8, 6]",end
1757,"[1, 8, 6]",8
1757,"[8, 2, 6]",end
1758,"[1, 8, 6]",8
1758,"[8, 8, 6]",end
1759,"[3, 1, 8]",6
1759,[6],end
1762,"[1, 8, 6]",end
1763,"[1, 8, 6]",end
1765,"[1, 8, 6]",end
1766,"[1, 8, 6]",end
1767,"[1, 8, 6]",end
1768,"[1, 8, 6]",end
1769,"[1, 8, 6]",end
1770,"[3, 1, 8]",2
1770,"[2, 6]",end
1773,"[1, 8, 6]",end
1774,"[3, 1, 1]",8
1774,"[8, 6]",end
1775,"[1, 1, 8]",6
1775,[6],end
1778,"[1, 6]",end
1779,"[1, 1, 8]",6
1779,[6],end
1780,"[1, 8, 9]",6
1780,[6],end
1781,"[1, 8, 9]",6
1781,[6],end
1782,"[1, 8, 6]",end
1783,"[1, 8, 6]",end
1784,"[1, 8, 6]",6
1784,[6],end
1785,"[8, 6]",end
1786,"[1, 8, 6]",end
1787,"[1, 8, 9]",9
1787,"[9, 6, 6]",end
1789,"[1, 1, 8]",6
1789,[6],end
1790,"[1, 8, 6]",end
1791,"[1, 8, 6]",end
1793,"[1, 6]",end
1794,"[1, 8, 6]",end
1796,"[1, 8, 9]",8
1796,"[8, 6]",end
1797,"[1, 8, 6]",end
1798,"[1, 8, 2]",6
1798,[6],end
1800,"[1, 8, 6]",end
1801,"[1, 8, 6]",end
1802,"[1, 8, 6]",end
1803,"[1, 1, 8]",9
1803,"[9, 6]",end
1804,"[1, 8, 6]",end
1805,"[1, 8, 6]",end
1806,"[1, 8, 9]",8
1806,"[8, 6]",end
1807,"[1, 8, 6]",end
1808,"[1, 8, 6]",end
1809,"[1, 8, 6]",end
1810,"[1, 8, 9]",6
1810,[6],end
1811,"[1, 8, 6]",end
1813,"[1, 8, 9]",6
1813,[6],end
1815,"[1, 8, 6]",end
1816,"[1, 1, 8]",9
1816,"[9, 8, 6]",8
1816,"[8, 8, 8]",6
1816,[6],end
1817,"[1, 8, 6]",end
1818,"[1, 8, 6]",end
1819,"[1, 8, 6]",end
1820,"[1, 9, 8]",9
1820,"[9, 8, 6]",8
1820,"[8, 9, 8]",6
1820,"[6, 8, 9]",8
1820,"[8, 6]",end
1821,"[1, 8, 9]",8
1821,"[8, 6]",end
1822,"[1, 8, 6]",end
1824,"[1, 6, 6]",end
1825,"[1, 8, 9]",6
1825,[6],end
1827,"[1, 8, 6]",end
1829,"[1, 8, 6]",end
1830,"[1, 8, 6]",8
1830,"[8, 6]",end
1832,"[1, 8, 9]",8
1832,"[8, 6]",end
1833,"[1, 8, 6]",end
1834,"[1, 8, 6]",end
1835,"[1, 8, 6]",end
1836,"[1, 8, 6]",end
1837,"[1, 8, 6]",end
1838,"[1, 8, 6]",end
1839,"[1, 1, 8]",9
1839,"[9, 6]",end
1840,"[1, 1, 8]",6
1840,[6],end
1841,"[1, 8, 6]",end
1842,"[1, 8, 6]",end
1844,"[1, 8, 9]",6
1844,[6],end
1845,"[1, 8, 8]",8
1845,"[8, 6]",end
1846,"[1, 8, 9]",8
1846,"[8, 6]",end
1847,"[1, 8, 6]",end
1849,"[1, 8, 9]",8
1849,"[8, 6]",end
1850,"[1, 9, 8]",6
1850,[6],end
1851,"[1, 8, 6]",6
1851,[6],end
1852,"[1, 8, 6]",end
1853,"[1, 8, 6]",end
1854,"[1, 8, 9]",6
1854,[6],end
1855,"[3, 1, 8]",6
1855,[6],end
1856,"[1, 8, 9]",6
1856,[6],end
1857,"[1, 8, 6]",end
1859,"[1, 8, 6]",end
1861,"[1, 1, 8]",6
1861,[6],end
1862,"[1, 8, 6]",end
1863,"[1, 8, 6]",end
1864,"[1, 8, 6]",end
1865,"[1, 8, 9]",8
1865,"[8, 6]",end
1866,"[1, 8, 6]",8
1866,"[8, 6]",end
1867,"[1, 8, 8]",8
1867,"[8, 6, 8]",6
1867,"[6, 8, 8]",6
1867,[6],end
1870,"[1, 8, 6]",end
1871,"[1, 8, 6]",end
1872,"[1, 8, 6]",end
1873,"[1, 8, 6]",6
1873,[6],end
1875,"[1, 8, 9]",6
1875,[6],end
1876,"[1, 8, 6]",6
1876,[6],end
1877,"[1, 8, 8]",6
1877,[6],end
1878,"[1, 8, 6]",end
1879,"[1, 8, 6]",end
1880,"[1, 8, 6]",end
1881,"[1, 8, 6]",end
1883,"[1, 8, 6]",end
1885,"[1, 8, 9]",6
1885,[6],end
1886,"[1, 8, 6]",end
1887,"[1, 8, 6]",end
1888,"[8, 6]",end
1889,"[1, 8, 6]",end
1890,"[1, 8, 6]",end
1891,"[1, 8, 6]",end
1893,"[1, 6]",end
1895,"[1, 8, 6]",end
1896,"[1, 8, 6]",end
1897,"[1, 8, 6]",8
1897,"[8, 6]",end
1898,"[1, 8, 9]",6
1898,[6],end
1899,"[1, 8, 9]",9
1899,"[9, 8, 6]",end
1902,"[1, 8, 6]",end
1904,"[1, 8, 6]",end
1905,"[1, 8, 6]",end
1906,"[1, 8, 6]",end
1907,"[1, 8, 6]",8
1907,"[8, 9, 8]",6
1907,[6],end
1908,"[1, 8, 9]",6
1908,[6],end
1909,"[1, 8, 6]",end
1910,"[1, 8, 6]",end
1911,"[1, 8, 6]",end
1912,"[1, 8, 9]",6
1912,[6],end
1913,"[1, 8, 6]",end
1914,"[1, 8, 6]",end
1917,"[1, 6]",end
1919,"[1, 8, 9]",8
1919,"[8, 6]",end
1920,"[1, 8, 6]",end
1921,"[1, 8, 6]",end
1922,"[1, 8, 6]",end
1923,"[1, 8, 6]",end
1925,"[1, 8, 6]",end
1926,"[1, 8, 6]",end
1927,"[1, 8, 6]",end
1928,"[1, 8, 6]",end
1929,"[1, 1, 8]",6
1929,[6],end
1930,"[1, 8, 6]",end
1931,"[1, 8, 6]",6
1931,[6],end
1932,"[1, 1, 8]",6
1932,[6],end
1933,"[1, 8, 8]",6
1933,[6],end
1934,"[1, 8, 6]",end
1935,"[1, 8, 6]",8
1935,"[8, 9, 8]",6
1935,[6],end
1936,"[1, 1, 8]",9
1936,"[9, 8, 6]",end
1937,"[1, 8, 6]",end
1938,"[1, 8, 6]",end
1939,"[1, 1, 8]",6
1939,[6],end
1940,"[1, 8, 6]",end
1941,"[1, 8, 6]",end
1942,"[1, 8, 6]",end
1943,"[1, 8, 8]",9
1943,"[9, 8, 6]",8
1943,"[8, 9, 8]",6
1943,[6],end
1944,"[1, 8, 9]",6
1944,[6],end
1945,"[1, 1, 8]",6
1945,[6],end
1946,"[1, 8, 6]",end
1947,"[1, 1, 8]",6
1947,[6],end
1948,"[1, 1, 8]",9
1948,"[9, 8, 6]",end
1949,"[1, 6, 6]",end
1950,"[1, 8, 6]",end
1951,"[1, 8, 6]",end
1952,"[1, 8, 6]",end
1953,"[1, 8, 8]",6
1953,[6],end
1954,"[1, 8, 6]",end
1955,"[1, 8, 6]",end
1956,"[1, 8, 8]",6
1956,[6],end
1957,"[8, 9, 6]",end
1958,"[1, 1, 8]",6
1958,[6],end
1959,"[1, 8, 6]",end
1960,"[1, 8, 9]",6
1960,[6],end
1962,"[1, 8, 6]",end
1963,"[1, 8, 6]",end
1964,"[1, 8, 6]",8
1964,"[8, 6]",end
1965,"[3, 1, 8]",6
1965,[6],end
1966,"[1, 8, 6]",end
1967,"[1, 8, 6]",6
1967,[6],end
1968,"[1, 8, 6]",end
1969,"[1, 8, 6]",end
1970,"[1, 8, 6]",end
1971,"[1, 8, 6]",end
1972,"[1, 8, 6]",end
1973,"[3, 1, 8]",6
1973,[6],end
1974,"[1, 8, 6]",end
1976,"[1, 8, 6]",end
1977,"[1, 8, 6]",end
1979,"[1, 8, 9]",6
1979,[6],end
1981,"[1, 1, 8]",6
1981,[6],end
1982,"[1, 8, 6]",end
1983,"[1, 8, 6]",end
1984,"[1, 6]",end
1985,"[1, 8, 6]",end
1986,"[1, 8, 6]",end
1988,"[1, 8, 6]",end
1989,"[1, 1, 1]",8
1989,"[8, 6]",end
1990,"[1, 8, 6]",end
1991,"[1, 8, 6]",end
1992,"[1, 8, 6]",end
1993,"[1, 8, 6]",end
1994,"[1, 6]",end
1995,"[1, 8, 9]",6
1995,[6],end
1996,"[1, 8, 6]",end
1997,"[1, 8, 6]",end
1998,"[1, 8, 9]",6
1998,[6],end
1999,"[1, 8, 6]",6
1999,[6],end
2000,"[1, 6]",end
2001,"[1, 8, 9]",8
2001,"[8, 6]",end
2002,"[1, 8, 6]",end
2003,"[1, 8, 6]",8
2003,"[8, 9, 8]",6
2003,[6],end
2004,"[1, 8, 6]",6
2004,[6],end
2005,"[1, 8, 6]",end
2006,"[1, 8, 6]",end
2008,"[1, 8, 6]",end
2009,"[1, 8, 6]",end
2010,"[1, 8, 6]",8
2010,"[8, 9, 8]",9
2010,"[9, 8, 9]",6
2010,[6],end
2011,"[1, 1, 8]",6
2011,[6],end
2012,"[1, 8, 6]",end
2014,"[1, 8, 9]",6
2014,[6],end
2015,"[1, 8, 6]",end
2016,"[1, 8, 6]",end
2017,"[1, 8, 6]",end
2018,"[1, 8, 9]",8
2018,"[8, 6]",end
2019,"[1, 8, 9]",8
2019,"[8, 6]",end
2020,"[1, 8, 6]",end
2023,"[1, 6, 6]",end
2024,"[1, 8, 9]",6
2024,[6],end
2025,"[1, 8, 6]",6
2025,[6],end
2026,"[1, 8, 6]",end
2027,"[1, 8, 9]",6
2027,[6],end
2028,"[1, 8, 6]",end
2029,"[1, 8, 6]",end
2030,"[1, 8, 6]",end
2031,"[1, 8, 6]",end
2032,"[1, 8, 6]",end
2033,"[1, 9, 8]",6
2033,[6],end
2034,"[1, 8, 6]",end
2036,"[1, 8, 9]",6
2036,[6],end
2038,"[1, 8, 6]",end
2039,"[1, 8, 6]",end
2040,"[1, 8, 9]",6
2040,[6],end
2041,"[1, 8, 9]",6
2041,[6],end
2042,"[1, 8, 6]",end
2043,"[1, 8, 6]",end
2044,"[1, 6]",end
2045,"[1, 8, 6]",end
2046,"[1, 8, 6]",end
2047,"[1, 8, 6]",end
2048,"[1, 8, 9]",8
2048,"[8, 6]",end
2049,"[1, 6]",end
2051,"[1, 9, 8]",9
2051,"[9, 8, 6]",end
2052,"[1, 8, 6]",end
2053,"[3, 1, 8]",9
2053,"[9, 8, 9]",8
2053,"[8, 6]",end
2054,"[1, 8, 6]",8
2054,"[8, 6]",end
2055,"[3, 1, 8]",6
2055,[6],end
2056,"[1, 8, 6]",end
2057,"[1, 8, 6]",end
2058,"[1, 8, 6]",end
2060,"[1, 8, 6]",end
2061,"[1, 8, 6]",end
2063,"[1, 8, 6]",end
2064,"[1, 8, 6]",end
2065,"[1, 8, 6]",end
2066,"[1, 6]",end
2067,"[1, 8, 9]",8
2067,"[8, 6]",end
2069,"[1, 8, 6]",end
2070,"[1, 8, 9]",6
2070,[6],end
2071,"[1, 8, 9]",8
2071,"[8, 9, 6]",end
2072,"[3, 1, 8]",6
2072,[6],end
2073,"[1, 8, 9]",6
2073,[6],end
2074,"[1, 8, 6]",end
2075,"[1, 8, 6]",end
2076,"[1, 8, 6]",end
2077,"[1, 8, 6]",end
2078,"[1, 9, 8]",6
2078,[6],end
2079,"[1, 9, 9]",6
2079,[6],end
2080,"[1, 8, 8]",6
2080,[6],end
2082,"[1, 8, 9]",8
2082,"[8, 6, 8]",9
2082,"[9, 8, 6]",end
2084,"[1, 8, 6]",end
2085,"[1, 8, 6]",6
2085,[6],end
2086,"[1, 1, 8]",6
2086,[6],end
2087,"[1, 8, 9]",8
2087,"[8, 9, 6]",end
2088,"[1, 8, 2]",6
2088,[6],end
2089,"[1, 1, 8]",6
2089,[6],end
2090,"[8, 9, 6]",end
2091,"[1, 8, 9]",6
2091,[6],end
2094,"[1, 8, 6]",end
2095,"[1, 8, 6]",end
2096,"[1, 8, 6]",end
2097,"[1, 8, 6]",end
2098,"[1, 8, 9]",9
2098,"[9, 9, 9]",6
2098,[6],end
2099,"[1, 8, 6]",end
2100,"[1, 8, 6]",end
2101,"[1, 8, 6]",end
2102,"[1, 1, 8]",9
2102,"[9, 8, 6]",end
2106,"[3, 1, 8]",6
2106,[6],end
2107,"[1, 1, 8]",6
2107,[6],end
2109,"[1, 6, 6]",end
2110,"[1, 1, 8]",6
2110,[6],end
2111,"[1, 8, 8]",6
2111,[6],end
2113,"[1, 8, 6]",6
2113,[6],end
2114,"[1, 8, 2]",6
2114,[6],end
2115,"[1, 8, 6]",end
2116,"[1, 8, 6]",end
2118,"[1, 8, 6]",end
2119,"[1, 8, 9]",8
2119,"[8, 6]",end
2120,"[1, 8, 8]",6
2120,[6],end
2122,"[1, 8, 6]",end
2124,"[1, 6]",end
2127,"[1, 8, 6]",end
2128,"[1, 8, 6]",6
2128,[6],end
2129,"[1, 8, 9]",6
2129,[6],end
2130,"[1, 8, 6]",end
2131,"[1, 8, 6]",end
2132,"[1, 8, 9]",8
2132,"[8, 6]",end
2133,"[1, 8, 6]",end
2135,"[1, 8, 9]",6
2135,[6],end
2136,"[1, 1, 8]",6
2136,[6],end
2137,"[3, 1, 8]",6
2137,[6],end
2138,"[1, 8, 6]",end
2139,"[1, 8, 4]",8
2139,"[8, 9, 6]",end
2140,"[1, 8, 6]",end
2144,"[1, 8, 6]",end
2145,"[1, 8, 9]",8
2145,"[8, 9, 8]",6
2145,[6],end
2146,"[1, 8, 6]",end
2147,"[1, 8, 9]",8
2147,"[8, 6]",end
2148,"[1, 8, 6]",6
2148,[6],end
2149,"[1, 8, 6]",8
2149,"[8, 6]",end
2150,"[1, 8, 6]",end
2151,"[1, 8, 6]",end
2153,"[3, 1, 8]",6
2153,[6],end
2154,"[1, 6, 6]",end
2155,"[1, 8, 6]",end
2158,"[1, 8, 6]",end
2159,"[3, 1, 1]",1
2159,"[1, 8, 6]",end
2160,"[1, 8, 6]",end
2161,"[1, 1, 8]",6
2161,[6],end
2162,"[1, 9, 9]",8
2162,"[8, 6]",end
2164,"[1, 8, 6]",end
2165,"[1, 8, 6]",end
2166,"[1, 8, 6]",end
2167,"[1, 8, 6]",end
2169,"[1, 8, 6]",end
2170,"[1, 8, 9]",6
2170,[6],end
2171,"[1, 8, 6]",end
2173,"[1, 8, 9]",8
2173,"[8, 6]",end
2174,"[1, 8, 6]",end
2175,"[1, 8, 6]",end
2178,"[1, 6]",end
2179,"[1, 8, 6]",end
2180,"[1, 8, 6]",end
2181,"[1, 8, 6]",end
2182,"[1, 8, 6]",end
2184,"[1, 8, 6]",8
2184,"[8, 9, 8]",6
2184,[6],end
2185,"[1, 8, 6]",end
2186,"[1, 8, 6]",end
2187,"[1, 8, 6]",end
2188,"[1, 8, 6]",end
2189,"[1, 8, 6]",end
2190,"[1, 8, 6]",end
2192,"[1, 8, 6]",end
2193,"[1, 8, 6]",end
2194,"[1, 6]",end
2195,"[1, 8, 6]",end
2196,"[1, 8, 6]",end
2198,"[1, 8, 6]",end
2199,"[1, 8, 9]",8
2199,"[8, 6]",end
2200,"[1, 8, 6]",end
2202,"[1, 8, 6]",end
2204,"[1, 8, 6]",end
2205,"[1, 8, 6]",end
2206,"[1, 1, 1]",8
2206,"[8, 6]",end
2207,"[1, 8, 9]",8
2207,"[8, 6]",end
2208,"[1, 8, 6]",end
2209,"[1, 8, 9]",8
2209,"[8, 6]",end
2212,"[1, 6]",end
2213,"[1, 8, 9]",8
2213,"[8, 6]",end
2214,"[1, 8, 6]",end
2216,"[1, 8, 9]",6
2216,[6],end
2217,"[1, 8, 9]",6
2217,[6],end
2218,"[1, 8, 6]",end
2220,"[1, 8, 6]",end
2221,"[1, 8, 6]",8
2221,"[8, 6]",end
2222,"[1, 8, 6]",end
2223,"[1, 8, 6]",end
2224,"[1, 8, 6]",end
2225,"[1, 1, 8]",6
2225,[6],end
2226,"[1, 8, 6]",end
2227,"[1, 6, 6]",end
2230,"[1, 8, 6]",end
2231,"[1, 8, 6]",8
2231,"[8, 6]",end
2233,"[1, 8, 6]",end
2234,"[1, 8, 6]",end
2235,"[1, 8, 6]",end
2237,"[1, 6, 6]",end
2238,"[1, 6, 6]",end
2240,"[1, 8, 6]",end
2241,"[1, 8, 9]",6
2241,[6],end
2242,"[1, 8, 6]",end
2243,"[1, 8, 6]",end
2244,"[1, 8, 9]",6
2244,[6],end
2246,"[1, 8, 6]",end
2247,"[1, 8, 6]",end
2248,"[1, 8, 6]",6
2248,[6],end
2249,"[3, 1, 8]",6
2249,"[6, 8, 9]",8
2249,"[8, 6]",end
2250,"[1, 9, 6]",end
2251,"[1, 8, 6]",end
2252,"[1, 8, 6]",end
2254,"[1, 8, 6]",end
2255,"[1, 8, 6]",end
2256,"[1, 6]",end
2257,"[1, 8, 6]",end
2258,"[1, 8, 6]",end
2259,"[3, 1, 8]",6
2259,[6],end
2260,"[1, 8, 6]",end
2261,"[1, 8, 6]",end
2262,"[1, 8, 6]",end
2263,"[1, 1, 8]",6
2263,[6],end
2264,"[1, 8, 6]",end
2265,"[1, 1, 1]",8
2265,"[8, 6]",end
2266,"[1, 8, 6]",end
2269,"[1, 8, 9]",8
2269,"[8, 6]",end
2270,"[1, 6]",end
2271,"[1, 8, 9]",8
2271,"[8, 6]",end
2272,"[1, 1, 8]",6
2272,[6],end
2273,"[1, 8, 6]",end
2274,"[1, 8, 6]",end
2275,"[1, 8, 6]",end
2276,"[1, 6]",end
2277,"[1, 8, 6]",end
2278,"[1, 1, 6]",end
2280,"[1, 8, 6]",end
2281,"[1, 1, 1]",1
2281,"[1, 8, 9]",8
2281,"[8, 6]",end
2282,"[1, 8, 6]",end
2283,"[1, 8, 6]",end
2284,"[1, 1, 8]",6
2284,[6],end
2286,"[1, 8, 6]",end
2287,"[1, 8, 9]",8
2287,"[8, 9, 6]",end
2288,"[1, 8, 8]",6
2288,[6],end
2289,"[1, 8, 6]",end
2291,"[1, 8, 6]",end
2292,"[1, 8, 9]",8
2292,"[8, 6]",end
2293,"[1, 8, 6]",6
2293,[6],end
2294,"[1, 8, 9]",6
2294,[6],end
2295,"[1, 8, 9]",8
2295,"[8, 9, 8]",6
2295,[6],end
2296,"[1, 8, 6]",end
2297,"[3, 1, 8]",6
2297,[6],end
2298,"[1, 8, 6]",end
2299,"[1, 8, 6]",end
2301,"[1, 8, 6]",8
2301,"[8, 6]",end
2303,"[1, 8, 6]",end
2304,"[1, 8, 9]",8
2304,"[8, 9, 6]",end
2305,"[1, 8, 6]",end
2306,"[1, 8, 9]",6
2306,[6],end
2307,"[1, 8, 6]",end
2309,"[1, 1, 8]",6
2309,[6],end
2310,"[1, 8, 9]",8
2310,"[8, 6]",end
2311,"[1, 8, 9]",8
2311,"[8, 6]",end
2312,"[1, 8, 6]",end
2313,"[1, 8, 6]",end
2314,"[1, 8, 6]",end
2316,"[1, 1, 8]",6
2316,[6],end
2317,"[1, 8, 6]",end
2318,"[1, 8, 9]",9
2318,"[9, 9, 6]",end
2319,"[1, 8, 9]",8
2319,"[8, 6]",end
2320,"[1, 8, 6]",end
2321,"[1, 8, 6]",end
2323,"[1, 8, 6]",end
2324,"[1, 8, 6]",end
2325,"[1, 8, 6]",end
2326,"[1, 8, 9]",6
2326,[6],end
2327,"[1, 8, 8]",6
2327,[6],end
2329,"[1, 8, 6]",end
2331,"[1, 1, 8]",9
2331,"[9, 8, 6]",end
2332,"[1, 8, 6]",end
2333,"[1, 8, 8]",8
2333,"[8, 6]",end
2334,"[1, 8, 6]",end
2336,"[1, 8, 2]",6
2336,[6],end
2337,"[1, 1, 8]",9
2337,"[9, 8, 6]",end
2338,"[1, 8, 6]",8
2338,"[8, 9, 8]",6
2338,[6],end
2339,"[1, 8, 6]",end
2340,"[1, 8, 6]",end
2341,"[1, 8, 9]",9
2341,"[9, 9, 8]",6
2341,[6],end
2342,"[1, 8, 9]",9
2342,"[9, 6]",end
2343,"[1, 8, 6]",end
2344,"[1, 8, 6]",end
2345,"[1, 1, 1]",8
2345,"[8, 9, 6]",end
2347,"[1, 6]",end
2349,"[1, 8, 6]",8
2349,"[8, 6]",end
2350,"[1, 8, 6]",8
2350,"[8, 6]",end
2351,"[1, 6]",end
2352,"[1, 8, 6]",end
2353,"[1, 8, 6]",end
2354,"[1, 1, 8]",6
2354,[6],end
2355,"[1, 8, 6]",end
2357,"[1, 6]",end
2358,"[1, 8, 6]",end
2359,"[1, 8, 6]",end
2360,"[1, 1, 8]",6
2360,[6],end
2361,"[1, 8, 9]",8
2361,"[8, 6]",end
2363,"[1, 8, 6]",end
2364,"[1, 8, 6]",end
2365,"[1, 8, 6]",end
2366,"[1, 8, 9]",6
2366,[6],end
2367,"[1, 8, 6]",end
2369,"[1, 8, 6]",end
2370,"[1, 8, 6]",end
2371,"[1, 8, 6]",end
2372,"[1, 8, 6]",end
2373,"[1, 1, 8]",9
2373,"[9, 8, 6]",end
2374,"[1, 8, 6]",end
2376,"[1, 8, 6]",end
2377,"[1, 8, 6]",end
2378,"[1, 8, 6]",end
2379,"[1, 8, 9]",8
2379,"[8, 6]",end
2380,"[1, 8, 9]",8
2380,"[8, 6]",end
2382,"[1, 8, 2]",6
2382,[6],end
2383,"[1, 8, 6]",end
2384,"[1, 8, 6]",8
2384,"[8, 6, 8]",9
2384,"[9, 8, 6]",end
2385,"[1, 8, 6]",end
2386,"[1, 8, 6]",end
2387,"[8, 6, 6]",6
2387,[6],end
2388,"[1, 8, 6]",end
2389,"[3, 1, 8]",6
2389,[6],end
2390,"[1, 8, 6]",end
2392,"[1, 8, 6]",end
2393,"[1, 8, 6]",end
2394,"[1, 8, 6]",end
2395,"[1, 8, 6]",end
2396,"[1, 8, 6]",end
2397,"[1, 8, 6]",end
2400,"[8, 9, 6]",end
2401,"[1, 8, 6]",end
2402,"[1, 1, 8]",6
2402,[6],end
2403,"[1, 8, 6]",end
2404,"[8, 6]",end
2405,"[1, 8, 6]",end
2406,"[1, 6]",end
2407,"[1, 8, 9]",6
2407,"[6, 8, 9]",6
2407,[6],end
2408,"[1, 8, 6]",end
2409,"[1, 6, 6]",end
2410,"[1, 8, 6]",end
2411,"[1, 8, 6]",8
2411,"[8, 6]",end
2412,"[1, 8, 6]",end
2413,"[1, 8, 6]",end
2414,"[1, 8, 9]",8
2414,"[8, 6]",end
2415,"[1, 8, 6]",end
2416,"[1, 8, 6]",end
2418,"[3, 1, 8]",9
2418,"[9, 8, 6]",end
2419,"[1, 8, 9]",6
2419,[6],end
2420,"[1, 8, 6]",end
2421,"[1, 8, 6]",end
2422,"[1, 8, 6]",end
2423,"[1, 8, 6]",end
2424,"[1, 8, 7]",6
2424,[6],end
2425,"[1, 8, 6]",8
2425,"[8, 6]",end
2426,"[1, 8, 9]",6
2426,[6],end
2427,"[1, 8, 6]",end
2428,"[1, 8, 6]",end
2429,"[1, 8, 9]",6
2429,"[6, 6]",end
2430,"[1, 8, 6]",end
2431,"[1, 8, 6]",end
2433,"[1, 6]",end
2434,"[1, 8, 6]",end
2435,"[1, 8, 9]",8
2435,"[8, 6]",end
2437,"[1, 8, 6]",end
2438,"[1, 8, 6]",end
2439,"[1, 8, 9]",8
2439,"[8, 6]",end
2440,"[1, 8, 6]",end
2441,"[1, 1, 8]",6
2441,[6],end
2442,"[1, 8, 9]",8
2442,"[8, 6]",end
2443,"[1, 8, 9]",8
2443,"[8, 6]",end
2444,"[1, 8, 6]",end
2445,"[3, 1, 8]",6
2445,[6],end
2446,"[1, 8, 6]",end
2449,"[1, 8, 6]",end
2450,"[1, 8, 6]",end
2453,"[1, 8, 6]",end
2454,"[1, 8, 9]",6
2454,[6],end
2455,"[1, 8, 9]",6
2455,[6],end
2456,"[1, 8, 6]",end
2457,"[1, 8, 6]",end
2459,"[1, 8, 6]",end
2460,"[1, 8, 6]",end
2461,"[1, 8, 6]",end
2462,"[1, 8, 6]",6
2462,[6],end
2463,"[1, 8, 6]",9
2463,"[9, 6]",end
2464,"[3, 1, 8]",6
2464,[6],end
2467,"[1, 8, 9]",8
2467,"[8, 6]",end
2468,"[1, 8, 9]",8
2468,"[8, 6]",end
2469,"[1, 8, 6]",end
2470,"[1, 8, 9]",8
2470,"[8, 6]",end
2471,"[1, 8, 9]",8
2471,"[8, 6]",end
2472,"[1, 8, 6]",end
2474,"[1, 8, 6]",end
2475,"[1, 8, 2]",6
2475,[6],end
2477,"[1, 8, 6]",end
2478,"[1, 8, 6]",end
2479,"[1, 6]",end
2480,"[1, 8, 6]",end
2482,"[1, 8, 6]",end
2483,"[1, 8, 6]",8
2483,"[8, 6]",end
2484,"[1, 8, 6]",end
2485,"[1, 8, 6]",end
2486,"[1, 8, 6]",8
2486,"[8, 9, 8]",6
2486,[6],end
2487,"[1, 8, 6]",end
2488,"[1, 8, 8]",6
2488,[6],end
2489,"[1, 8, 6]",end
2491,"[1, 8, 6]",end
2493,"[1, 8, 6]",end
2494,"[1, 8, 6]",end
2495,"[1, 8, 6]",end
2496,"[1, 8, 6]",end
2497,"[1, 8, 6]",end
2500,"[1, 8, 9]",8
2500,"[8, 6]",end
2501,"[1, 1, 8]",6
2501,[6],end
2502,"[1, 8, 6]",end
2503,"[1, 8, 6]",end
2504,"[1, 8, 9]",6
2504,[6],end
2505,"[1, 1, 8]",9
2505,"[9, 8, 9]",8
2505,"[8, 6]",end
2506,"[1, 1, 8]",9
2506,"[9, 6]",end
2507,"[1, 8, 6]",end
2509,"[1, 6]",end
2510,"[1, 8, 6]",end
2511,"[1, 8, 6]",end
2513,"[1, 8, 6]",end
2515,"[1, 8, 6]",end
2516,"[1, 8, 6]",end
2517,"[1, 8, 6]",6
2517,[6],end
2518,"[1, 8, 9]",6
2518,[6],end
2519,"[1, 8, 9]",8
2519,"[8, 6]",end
2520,"[1, 8, 9]",8
2520,"[8, 6]",end
2521,"[1, 8, 6]",end
2523,"[1, 1, 6]",end
2524,"[1, 1, 8]",6
2524,[6],end
2525,"[1, 1, 1]",6
2525,[6],end
2526,"[1, 8, 9]",9
2526,"[9, 6]",end
2527,"[1, 1, 8]",6
2527,[6],end
2528,"[1, 8, 6]",end
2529,"[1, 8, 6]",end
2531,"[1, 8, 6]",end
2532,"[1, 8, 6]",end
2533,"[1, 8, 6]",end
2534,"[1, 8, 6]",end
2535,"[1, 8, 6]",end
2536,"[1, 8, 6]",end
2537,"[1, 8, 6]",end
2538,"[1, 8, 8]",9
2538,"[9, 6]",end
2539,"[1, 8, 6]",end
2540,"[1, 8, 6]",end
2542,"[1, 8, 6]",end
2543,"[1, 8, 6]",end
2544,"[3, 1, 1]",8
2544,"[8, 6]",end
2545,"[1, 8, 6]",end
2546,"[1, 8, 6]",end
2547,"[1, 8, 6]",end
2548,"[1, 8, 6]",end
2549,"[1, 8, 6]",end
2551,"[1, 8, 6]",end
2552,"[1, 8, 6]",end
2553,"[1, 1, 8]",9
2553,"[9, 8, 6]",end
2554,"[1, 8, 6]",end
2556,"[1, 8, 6]",end
2557,"[1, 8, 6]",end
2559,"[1, 1, 8]",6
2559,[6],end
2560,"[1, 8, 9]",8
2560,"[8, 6, 6]",end
2561,"[1, 8, 6]",end
2562,"[3, 1, 1]",8
2562,"[8, 6]",end
2563,"[1, 8, 6]",end
2564,"[1, 8, 6]",end
2565,"[1, 8, 6]",end
2566,"[1, 8, 6]",end
2567,"[1, 8, 9]",8
2567,"[8, 6, 8]",6
2567,[6],end
2568,"[1, 8, 6]",end
2570,"[1, 8, 6]",end
2572,"[1, 8, 2]",8
2572,"[8, 9, 6]",end
2573,"[1, 8, 6]",end
2574,"[1, 1, 8]",6
2574,[6],end
2575,"[1, 8, 9]",6
2575,[6],end
2576,"[1, 8, 9]",6
2576,[6],end
2578,"[1, 1, 8]",6
2578,[6],end
2579,"[1, 6]",end
2580,"[1, 8, 6]",end
2582,"[1, 8, 6]",end
2583,"[1, 1, 8]",9
2583,"[9, 8, 6]",end
2584,"[1, 8, 9]",8
2584,"[8, 6]",end
2586,"[1, 8, 6]",end
2587,"[1, 8, 6]",end
2588,"[1, 8, 6]",end
2589,"[1, 8, 9]",8
2589,"[8, 6]",end
2590,"[3, 1, 8]",6
2590,[6],end
2592,"[1, 8, 6]",end
2594,"[1, 1, 8]",6
2594,[6],end
2595,"[1, 8, 6]",end
2597,"[1, 9, 8]",6
2597,"[6, 6]",end
2600,"[1, 8, 6]",end
2601,"[1, 8, 6]",end
2602,"[1, 8, 6]",end
2603,"[1, 8, 6]",end
2604,"[1, 8, 6]",end
2605,"[1, 9, 8]",6
2605,[6],end
2606,"[1, 8, 9]",6
2606,[6],end
2607,"[1, 8, 6]",end
2608,"[1, 8, 6]",end
2609,"[1, 8, 9]",6
2609,[6],end
2610,"[1, 8, 8]",9
2610,"[9, 8, 6]",end
2612,"[1, 8, 9]",6
2612,[6],end
2615,"[1, 8, 6]",end
2617,"[1, 8, 6]",end
2618,"[1, 8, 6]",end
2619,"[1, 8, 9]",8
2619,"[8, 6]",end
2621,"[1, 8, 9]",6
2621,[6],end
2623,"[1, 8, 9]",8
2623,"[8, 9, 6]",end
2624,"[1, 1, 8]",6
2624,[6],end
2626,"[1, 8, 6]",end
2627,"[1, 8, 6]",end
2628,"[1, 8, 9]",6
2628,[6],end
2629,"[1, 8, 6]",end
2630,"[1, 8, 6]",end
2632,"[1, 8, 6]",end
2633,"[1, 8, 9]",8
2633,"[8, 6, 6]",end
2634,"[1, 8, 6]",end
2635,"[1, 8, 6]",end
2636,"[1, 1, 8]",6
2636,[6],end
2637,"[1, 8, 6]",end
2638,"[1, 8, 2]",6
2638,[6],end
2639,"[1, 8, 6]",end
2640,"[1, 8, 6]",end
2641,"[1, 8, 9]",6
2641,[6],end
2642,"[1, 6]",end
2644,"[8, 6]",end
2645,"[1, 1, 8]",6
2645,[6],end
2646,"[1, 8, 6]",end
2647,"[1, 8, 6]",end
2648,"[1, 8, 6]",end
2649,"[1, 1, 1]",8
2649,"[8, 6]",end
2650,"[3, 1, 8]",6
2650,[6],end
2651,"[1, 8, 6]",end
2652,"[1, 8, 6]",end
2653,"[1, 8, 6]",end
2654,"[1, 8, 6]",end
2655,"[1, 8, 9]",8
2655,"[8, 6]",end
2656,"[1, 8, 6]",end
2657,"[1, 8, 6]",end
2658,"[1, 8, 6]",8
2658,"[8, 6]",end
2660,"[1, 8, 6]",end
2661,"[1, 6, 6]",6
2661,[6],end
2662,"[1, 8, 6]",end
2663,"[1, 8, 6]",end
2664,"[1, 8, 6]",end
2669,"[1, 8, 6]",8
2669,"[8, 6, 6]",end
2670,"[1, 8, 6]",end
2671,"[1, 8, 6]",end
2672,"[1, 8, 6]",end
2673,"[1, 8, 6]",end
2675,"[1, 8, 6]",end
2677,"[1, 6]",end
2678,"[1, 8, 9]",8
2678,"[8, 6]",end
2679,"[1, 8, 6]",end
2680,"[1, 8, 6]",end
2682,"[1, 8, 6]",end
2683,"[1, 8, 6]",end
2684,"[1, 1, 1]",8
2684,"[8, 6]",end
2685,"[1, 8, 6]",end
2687,"[1, 8, 6]",end
2688,"[1, 8, 9]",6
2688,[6],end
2689,"[1, 8, 6]",end
2690,"[1, 8, 6]",end
2691,"[1, 8, 9]",6
2691,[6],end
2692,"[1, 8, 6]",end
2693,"[1, 8, 6]",end
2694,"[1, 8, 6]",end
2695,"[8, 6]",end
2696,"[1, 8, 6]",end
2697,"[1, 8, 6]",end
2698,"[1, 8, 6]",end
2699,"[1, 8, 6]",6
2699,[6],end
2701,"[1, 8, 6]",end
2702,"[1, 8, 6]",end
2703,"[1, 8, 6]",end
2704,"[1, 8, 6]",end
2705,"[1, 8, 6]",end
2706,"[1, 8, 6]",end
2707,"[1, 1, 8]",6
2707,[6],end
2708,"[1, 8, 6]",end
2709,"[1, 8, 9]",8
2709,"[8, 6]",end
2710,"[1, 8, 9]",9
2710,"[9, 8, 6]",end
2711,"[1, 8, 6]",end
2712,"[1, 8, 6]",end
2713,"[1, 8, 9]",6
2713,[6],end
2714,"[1, 8, 6]",end
2715,"[1, 8, 6]",end
2717,"[1, 8, 6]",end
2718,"[1, 8, 6]",end
2719,"[1, 8, 9]",6
2719,[6],end
2722,"[1, 8, 9]",9
2722,"[9, 6, 6]",end
2723,"[1, 8, 6]",8
2723,"[8, 6]",end
2724,"[1, 8, 9]",6
2724,[6],end
2725,"[1, 8, 9]",8
2725,"[8, 6]",end
2726,"[1, 8, 9]",8
2726,"[8, 6]",end
2727,"[1, 8, 9]",8
2727,"[8, 6]",end
2728,"[1, 8, 6]",end
2729,"[1, 8, 9]",6
2729,[6],end
2730,"[1, 8, 6]",end
2731,"[1, 8, 6]",end
2732,"[1, 8, 6]",end
2733,"[1, 8, 6]",end
2735,"[1, 8, 9]",6
2735,[6],end
2736,"[1, 8, 9]",8
2736,"[8, 6]",end
2737,"[1, 8, 6]",end
2738,"[1, 8, 6]",6
2738,[6],end
2739,"[1, 8, 9]",6
2739,[6],end
2740,"[1, 6]",end
2742,"[1, 8, 8]",6
2742,[6],end
2743,"[1, 8, 6]",8
2743,"[8, 6]",end
2744,"[1, 8, 9]",8
2744,"[8, 6]",end
2745,"[3, 1, 8]",6
2745,"[6, 8, 6]",6
2745,[6],end
2746,"[1, 8, 6]",end
2747,"[1, 8, 9]",6
2747,[6],end
2748,"[1, 8, 6]",end
2749,"[1, 8, 9]",6
2749,[6],end
2750,"[1, 8, 6]",end
2751,"[1, 8, 9]",8
2751,"[8, 6]",end
2752,"[1, 6]",end
2753,"[8, 9, 6]",end
2754,"[1, 8, 6]",end
2755,"[1, 8, 6]",end
2756,"[1, 8, 6]",end
2757,"[1, 8, 6]",end
2758,"[1, 8, 9]",6
2758,[6],end
2759,"[1, 8, 6]",end
2760,"[1, 6]",end
2761,"[1, 8, 6]",end
2762,"[1, 8, 6]",end
2763,"[1, 6, 6]",end
2764,"[1, 8, 9]",6
2764,"[6, 6]",end
2766,"[1, 8, 6]",end
2767,"[1, 1, 8]",6
2767,[6],end
2768,"[1, 8, 6]",end
2769,"[1, 8, 6]",end
2771,"[1, 8, 6]",end
2772,"[1, 8, 6]",end
2773,"[1, 8, 6]",end
2775,"[1, 1, 6]",end
2778,"[1, 1, 8]",6
2778,[6],end
2779,"[1, 8, 6]",end
2780,"[1, 6]",end
2781,"[1, 8, 6]",end
2782,"[1, 8, 8]",6
2782,[6],end
2783,"[1, 1, 8]",6
2783,[6],end
2784,"[1, 8, 6]",end
2785,"[1, 8, 6]",end
2786,"[1, 8, 6]",6
2786,[6],end
2787,"[1, 8, 6]",end
2789,"[1, 8, 6]",end
2790,"[1, 8, 6]",end
2791,"[1, 8, 6]",end
2792,"[1, 8, 6]",6
2792,[6],end
2793,"[1, 8, 6]",end
2794,"[1, 8, 9]",6
2794,[6],end
2795,"[1, 8, 9]",6
2795,[6],end
2796,"[1, 8, 6]",end
2798,"[1, 1, 8]",6
2798,[6],end
2799,"[1, 8, 6]",end
2800,"[1, 8, 6]",end
2801,"[1, 8, 9]",8
2801,"[8, 6]",end
2802,"[1, 8, 6]",end
2803,"[1, 8, 6]",end
2804,"[1, 8, 6]",end
2805,"[3, 1, 8]",1
2805,"[1, 1, 9]",8
2805,"[8, 6]",end
2806,"[3, 1, 8]",6
2806,[6],end
2807,"[1, 8, 6]",end
2808,"[1, 8, 9]",9
2808,"[9, 6]",end
2809,"[1, 8, 6]",end
2810,"[1, 1, 8]",6
2810,"[6, 6]",end
2811,"[1, 8, 6]",end
2812,"[1, 9, 8]",6
2812,[6],end
2813,"[1, 8, 6]",end
2815,"[1, 8, 6]",end
2816,"[1, 8, 2]",6
2816,[6],end
2817,"[1, 8, 6]",end
2818,"[3, 1, 8]",6
2818,[6],end
2819,"[3, 1, 8]",9
2819,"[9, 9, 8]",6
2819,[6],end
2820,"[1, 8, 6]",end
2821,"[1, 8, 6]",end
2822,"[1, 8, 6]",end
2823,"[1, 8, 6]",end
2824,"[1, 8, 6]",end
2825,"[1, 1, 8]",6
2825,[6],end
2827,"[1, 8, 6]",end
2828,"[1, 8, 9]",8
2828,"[8, 8, 6]",end
2829,"[1, 8, 6]",end
2830,"[1, 8, 6]",end
2831,"[1, 8, 6]",end
2832,"[1, 8, 6]",end
2833,"[1, 8, 9]",6
2833,[6],end
2835,"[1, 8, 9]",8
2835,"[8, 6]",end
2836,"[1, 8, 6]",end
2837,"[1, 8, 6]",end
2838,"[1, 8, 9]",9
2838,"[9, 8, 6]",end
2840,"[1, 8, 6]",end
2841,"[1, 8, 6]",6
2841,[6],end
2842,"[1, 8, 6]",end
2843,"[1, 8, 6]",end
2844,"[1, 8, 6]",end
2845,"[3, 1, 1]",8
2845,"[8, 9, 8]",6
2845,[6],end
2846,"[1, 8, 9]",6
2846,[6],end
2847,"[1, 8, 6]",end
2850,"[1, 8, 6]",end
2852,"[1, 6]",end
2853,"[1, 1, 1]",8
2853,"[8, 9, 6]",end
2854,"[1, 8, 6]",end
2855,"[1, 8, 6]",end
2856,"[1, 8, 6]",end
2857,"[1, 8, 6]",end
2858,"[1, 8, 9]",8
2858,"[8, 6]",end
2859,"[1, 8, 6]",end
2861,"[1, 8, 9]",8
2861,"[8, 6]",end
2862,"[1, 8, 6]",end
2863,"[1, 1, 1]",9
2863,"[9, 8, 6]",end
2864,"[1, 8, 6]",end
2865,"[1, 8, 6]",end
2867,"[1, 8, 9]",9
2867,"[9, 8, 6]",end
2868,"[1, 6]",end
2869,"[1, 8, 9]",8
2869,"[8, 6]",end
2870,"[1, 8, 6]",end
2871,"[1, 8, 6]",end
2872,"[1, 8, 6]",end
2874,"[1, 8, 6]",end
2875,"[1, 8, 9]",6
2875,[6],end
2876,"[1, 8, 6]",end
2877,"[1, 8, 9]",8
2877,"[8, 6]",end
2878,"[1, 8, 6]",end
2879,"[1, 8, 6]",end
2880,"[1, 8, 6]",end
2882,"[1, 8, 6]",end
2883,"[1, 8, 6]",end
2884,"[1, 8, 6]",end
2885,"[1, 8, 6]",end
2886,"[1, 8, 6]",end
2887,"[1, 8, 9]",9
2887,"[9, 6]",end
2888,"[1, 8, 6]",end
2889,"[1, 8, 6]",end
2890,"[1, 8, 6]",end
2892,"[1, 8, 6]",end
2893,"[1, 8, 6]",end
2894,"[1, 8, 9]",8
2894,"[8, 6]",end
2895,"[1, 8, 6]",end
2896,"[1, 8, 6]",end
2898,"[1, 8, 6]",8
2898,"[8, 6]",end
2899,"[1, 8, 6]",end
2900,"[1, 8, 6]",end
2901,"[1, 8, 6]",end
2902,"[1, 8, 6]",end
2903,"[1, 8, 6]",end
2904,"[1, 8, 9]",6
2904,"[6, 6]",end
2906,"[1, 8, 6]",end
2907,"[1, 8, 6]",end
2908,"[1, 8, 6]",end
2909,"[3, 1, 1]",9
2909,"[9, 8, 6]",8
2909,"[8, 6]",end
2911,"[1, 8, 6]",end
2912,"[1, 6]",end
2913,"[1, 8, 6]",end
2914,"[1, 6]",end
2915,"[1, 1, 8]",6
2915,[6],end
2916,"[1, 8, 6]",end
2917,"[1, 8, 6]",6
2917,[6],end
2919,"[1, 6]",end
2920,"[1, 8, 8]",2
2920,"[2, 6]",end
2921,"[1, 8, 9]",8
2921,"[8, 6, 6]",end
2922,"[1, 8, 6]",end
2923,"[1, 8, 6]",end
2924,"[1, 1, 8]",6
2924,[6],end
2925,"[1, 1, 8]",9
2925,"[9, 8, 6]",end
2926,"[1, 8, 6]",end
2927,"[1, 8, 6]",8
2927,"[8, 9, 8]",6
2927,[6],end
2928,"[3, 1, 8]",6
2928,[6],end
2929,"[1, 8, 6]",end
2930,"[1, 8, 6]",end
2933,"[1, 8, 6]",end
2935,"[1, 8, 6]",end
2936,"[1, 8, 9]",8
2936,"[8, 6, 8]",6
2936,[6],end
2937,"[1, 8, 2]",2
2937,"[2, 6]",end
2938,"[1, 8, 6]",end
2939,"[1, 8, 6]",end
2940,"[1, 8, 6]",end
2941,"[1, 8, 6]",end
2942,"[1, 8, 6]",end
2943,"[1, 1, 8]",6
2943,[6],end
2944,"[1, 8, 9]",8
2944,"[8, 6]",end
2945,"[1, 9, 6]",end
2946,"[1, 8, 9]",6
2946,[6],end
2947,"[1, 6, 6]",end
2948,"[1, 8, 6]",end
2950,"[1, 8, 6]",end
2951,"[1, 8, 9]",8
2951,"[8, 6]",end
2952,"[1, 8, 9]",6
2952,[6],end
2953,"[1, 8, 6]",end
2954,"[1, 8, 6]",end
2955,"[3, 1, 8]",6
2955,[6],end
2957,"[1, 8, 6]",end
2958,"[1, 8, 6]",end
2959,"[1, 8, 6]",end
2960,"[1, 8, 6]",end
2961,"[1, 8, 6]",end
2963,"[1, 8, 6]",end
2965,"[1, 8, 6]",6
2965,[6],end
2967,"[1, 8, 9]",6
2967,[6],end
2969,"[1, 8, 6]",end
2972,"[1, 1, 8]",6
2972,[6],end
2973,"[1, 8, 6]",end
2974,"[1, 8, 6]",end
2976,"[1, 8, 6]",end
2977,"[1, 8, 6]",end
2978,"[1, 8, 9]",6
2978,[6],end
2979,"[1, 8, 6]",end
2980,"[1, 8, 6]",end
2982,"[1, 6, 6]",end
2983,"[1, 8, 6]",end
2985,"[1, 8, 8]",4
2985,"[4, 6]",end
2986,"[1, 8, 6]",end
2987,"[1, 8, 6]",end
2989,"[1, 8, 6]",end
2990,"[1, 8, 6]",end
2991,"[1, 8, 6]",end
2993,"[1, 8, 9]",8
2993,"[8, 6]",end
2994,"[1, 6]",end
2995,"[1, 8, 6]",end
2996,"[1, 8, 6]",end
2997,"[1, 8, 6]",end
2998,"[1, 8, 6]",end
2999,"[1, 8, 6]",end
3000,"[1, 8, 6]",end
3001,"[1, 1, 8]",6
3001,[6],end
3002,"[1, 8, 6]",end
3003,"[1, 8, 6]",end
3004,"[1, 1, 8]",6
3004,"[6, 6]",end
3005,"[1, 8, 6]",end
3006,"[1, 8, 6]",end
3007,"[1, 6, 6]",end
3011,"[8, 9, 9]",6
3011,[6],end
3012,"[1, 8, 9]",8
3012,"[8, 6]",end
3014,"[1, 6, 6]",end
3017,"[1, 8, 6]",end
3018,"[1, 8, 9]",6
3018,[6],end
3019,"[1, 8, 6]",end
3020,"[1, 8, 6]",end
3022,"[8, 9, 6]",end
3023,"[1, 8, 6]",end
3024,"[1, 6]",end
3025,"[1, 8, 6]",end
3026,"[1, 6]",end
3027,"[1, 8, 6]",end
3028,"[1, 8, 8]",9
3028,"[9, 8, 6]",end
3029,"[1, 8, 6]",end
3030,"[1, 8, 9]",8
3030,"[8, 6]",end
3031,"[3, 1, 1]",1
3031,"[1, 8, 6]",end
3032,"[1, 8, 6]",end
3033,"[1, 1, 8]",6
3033,[6],end
3036,"[1, 8, 6]",8
3036,"[8, 6]",end
3039,"[1, 8, 6]",end
3040,"[1, 8, 6]",6
3040,[6],end
3041,"[1, 8, 6]",end
3042,"[1, 8, 6]",end
3045,"[1, 8, 6]",end
3047,"[1, 8, 6]",end
3048,"[1, 8, 6]",6
3048,[6],end
3049,"[1, 8, 9]",8
3049,"[8, 6, 8]",6
3049,[6],end
3050,"[1, 1, 8]",9
3050,"[9, 8, 6]",end
3051,"[1, 8, 9]",8
3051,"[8, 6]",end
3052,"[1, 8, 6]",end
3053,"[1, 6, 8]",6
3053,[6],end
3054,"[1, 8, 8]",8
3054,"[8, 6]",end
3055,"[1, 8, 9]",8
3055,"[8, 6]",end
3057,"[1, 8, 6]",end
3060,"[1, 8, 6]",end
3062,"[1, 8, 6]",6
3062,[6],end
3063,"[1, 8, 6]",end
3064,"[1, 8, 6]",end
3065,"[1, 8, 6]",end
3066,"[1, 8, 6]",end
3067,"[1, 8, 9]",6
3067,[6],end
3068,"[1, 8, 6]",end
3069,"[1, 8, 6]",end
3070,"[1, 8, 6]",end
3071,"[1, 8, 2]",4
3071,"[4, 6]",end
3072,"[1, 8, 6]",end
3074,"[1, 8, 6]",end
3075,"[1, 8, 6]",end
3076,"[1, 1, 8]",2
3076,"[2, 5, 6]",end
3079,"[3, 1, 1]",1
3079,"[1, 1, 8]",6
3079,[6],end
3080,"[1, 8, 6]",end
3081,"[6, 8, 6]",end
3083,"[1, 8, 9]",6
3083,[6],end
3084,"[1, 1, 8]",6
3084,[6],end
3085,"[1, 8, 6]",end
3086,"[1, 8, 6]",end
3087,"[1, 8, 6]",end
3088,"[1, 1, 8]",9
3088,"[9, 8, 6]",end
3089,"[1, 8, 9]",6
3089,[6],end
3090,"[1, 8, 6]",end
3091,"[1, 8, 6]",6
3091,[6],end
3092,"[1, 8, 6]",end
3093,"[1, 8, 6]",end
3094,"[1, 8, 6]",end
3095,"[1, 8, 6]",end
3096,"[1, 8, 6]",end
3097,"[1, 6]",end
3098,"[1, 8, 6]",end
3099,"[1, 8, 9]",6
3099,[6],end
3100,"[1, 8, 9]",8
3100,"[8, 6]",end
3101,"[1, 8, 6]",end
3102,"[1, 8, 9]",6
3102,[6],end
3104,"[1, 8, 6]",end
3105,"[1, 8, 9]",6
3105,[6],end
3106,"[1, 8, 6]",6
3106,[6],end
3107,"[1, 8, 6]",end
3108,"[1, 6]",end
3109,"[1, 8, 6]",end
3110,"[1, 8, 9]",6
3110,[6],end
3111,"[1, 8, 6]",end
3114,"[1, 8, 8]",9
3114,"[9, 8, 6]",end
3115,"[1, 8, 9]",6
3115,[6],end
3116,"[1, 8, 6]",end
3117,"[1, 8, 6]",end
3119,"[1, 1, 1]",8
3119,"[8, 6]",end
3120,"[1, 8, 6]",end
3122,"[1, 8, 9]",6
3122,[6],end
3123,"[1, 8, 6]",end
3124,"[1, 8, 6]",end
3125,"[1, 8, 6]",end
3127,"[1, 8, 6]",end
3129,"[1, 8, 6]",end
3130,"[1, 1, 8]",6
3130,[6],end
3131,"[1, 8, 9]",8
3131,"[8, 6]",end
3132,"[1, 8, 6]",end
3133,"[1, 8, 6]",end
3134,"[1, 8, 6]",end
3135,"[1, 8, 2]",6
3135,[6],end
3136,"[1, 8, 6]",end
3137,"[1, 1, 1]",6
3137,[6],end
3138,"[1, 8, 9]",8
3138,"[8, 6]",end
3140,"[1, 8, 6]",end
3141,"[1, 8, 6]",6
3141,[6],end
3143,"[1, 8, 9]",6
3143,[6],end
3144,"[1, 8, 6]",end
3146,"[1, 8, 6]",end
3147,"[1, 8, 6]",end
3149,"[1, 8, 6]",end
3150,"[3, 1, 8]",9
3150,"[9, 8, 6]",end
3151,"[1, 8, 6]",end
3152,"[1, 8, 9]",8
3152,"[8, 6]",end
3153,"[1, 8, 9]",8
3153,"[8, 6]",end
3154,"[1, 8, 6]",end
3155,"[1, 8, 6]",6
3155,[6],end
3156,"[8, 9, 8]",6
3156,"[6, 6]",end
3157,"[1, 8, 9]",6
3157,[6],end
3158,"[1, 8, 6]",end
3159,"[8, 8, 8]",6
3159,[6],end
3160,"[1, 8, 6]",end
3161,"[1, 8, 6]",end
3162,"[1, 6]",end
3163,"[1, 8, 6]",8
3163,"[8, 9, 8]",6
3163,[6],end
3164,"[1, 8, 6]",end
3165,"[1, 6]",end
3166,"[1, 8, 6]",end
3167,"[1, 8, 6]",end
3168,"[1, 8, 6]",end
3169,"[1, 8, 6]",end
3170,"[1, 8, 9]",8
3170,"[8, 6]",end
3171,"[1, 8, 6]",end
3173,"[1, 8, 6]",end
3174,"[1, 8, 6]",end
3175,"[1, 8, 9]",6
3175,[6],end
3177,"[1, 8, 6]",end
3178,"[1, 6]",end
3179,"[1, 8, 6]",end
3180,"[1, 8, 6]",end
3181,"[1, 8, 6]",end
3182,"[1, 8, 9]",6
3182,[6],end
3183,"[1, 8, 9]",6
3183,[6],end
3185,"[1, 8, 2]",6
3185,[6],end
3187,"[1, 1, 8]",6
3187,"[6, 6]",end
3188,"[1, 8, 6]",end
3189,"[1, 8, 6]",end
3190,"[1, 8, 6]",end
3191,"[1, 1, 8]",9
3191,"[9, 9, 6]",end
3193,"[1, 8, 6]",end
3194,"[1, 1, 8]",8
3194,"[8, 6]",end
3195,"[1, 8, 6]",end
3196,"[3, 1, 8]",9
3196,"[9, 8, 6]",end
3197,"[1, 1, 8]",6
3197,[6],end
3198,"[1, 8, 6]",end
3199,"[1, 8, 6]",end
3200,"[1, 1, 8]",6
3200,[6],end
3201,"[1, 8, 9]",6
3201,[6],end
3202,"[1, 8, 6]",end
3203,"[1, 8, 6]",end
3204,"[1, 8, 6]",end
3205,"[1, 8, 6]",end
3206,"[1, 8, 6]",end
3207,"[1, 6, 6]",end
3208,"[1, 8, 6]",end
3209,"[1, 8, 6]",end
3210,"[1, 8, 6]",end
3211,"[1, 8, 9]",6
3211,[6],end
3213,"[1, 8, 6]",end
3214,"[1, 8, 2]",6
3214,[6],end
3215,"[1, 8, 6]",end
3216,"[1, 8, 6]",end
3217,"[1, 1, 8]",6
3217,[6],end
3218,"[1, 8, 6]",end
3219,"[1, 8, 6]",end
3220,"[1, 8, 6]",end
3221,"[1, 8, 6]",end
3223,"[1, 8, 2]",6
3223,[6],end
3224,"[1, 1, 8]",6
3224,"[6, 6]",end
3225,"[1, 8, 6]",end
3227,"[1, 8, 6]",end
3228,"[1, 1, 8]",6
3228,[6],end
3230,"[1, 8, 6]",end
3232,"[1, 8, 6]",end
3234,"[1, 8, 9]",8
3234,"[8, 6]",end
3235,"[1, 1, 8]",6
3235,[6],end
3236,"[1, 8, 6]",end
3237,"[1, 8, 6]",end
3238,"[1, 8, 9]",8
3238,"[8, 6]",end
3240,"[1, 8, 6]",end
3241,"[1, 8, 6]",end
3242,"[1, 6]",end
3243,"[1, 8, 6]",end
3244,"[3, 1, 8]",6
3244,[6],end
3245,"[1, 8, 6]",end
3246,"[1, 8, 6]",end
3247,"[1, 8, 6]",end
3248,"[1, 8, 6]",6
3248,[6],end
3249,"[1, 8, 4]",4
3249,"[4, 8, 6]",6
3249,[6],end
3250,"[1, 8, 9]",9
3250,"[9, 8, 6]",end
3252,"[1, 8, 9]",8
3252,"[8, 6]",end
3255,"[1, 8, 6]",end
3256,"[1, 1, 8]",9
3256,"[9, 8, 6]",end
3257,"[1, 8, 9]",6
3257,[6],end
3258,"[1, 6]",end
3259,"[1, 8, 6]",end
3260,"[1, 8, 6]",end
3261,"[1, 8, 6]",end
3263,"[1, 8, 6]",end
3264,"[1, 8, 9]",6
3264,[6],end
3265,"[1, 8, 6]",end
3266,"[1, 8, 6]",end
3267,"[1, 8, 6]",end
3268,"[1, 8, 6]",end
3269,"[1, 8, 6]",end
3270,"[1, 8, 9]",8
3270,"[8, 6]",end
3271,"[1, 8, 5]",6
3271,[6],end
3272,"[1, 8, 6]",end
3274,"[1, 1, 8]",9
3274,"[9, 8, 6]",end
3275,"[1, 8, 6]",6
3275,[6],end
3277,"[1, 8, 6]",end
3278,"[1, 8, 9]",8
3278,"[8, 6]",end
3279,"[1, 8, 9]",8
3279,"[8, 6]",end
3280,"[1, 8, 6]",end
3281,"[1, 8, 6]",end
3282,"[1, 8, 6]",6
3282,[6],end
3283,"[1, 8, 6]",end
3284,"[1, 8, 6]",end
3285,"[1, 8, 6]",end
3286,"[1, 8, 6]",end
3287,"[1, 8, 9]",8
3287,"[8, 9, 8]",6
3287,[6],end
3288,"[1, 8, 9]",6
3288,"[6, 6]",end
3290,"[1, 8, 6]",end
3291,"[8, 6]",end
3292,"[1, 8, 9]",8
3292,"[8, 6]",end
3293,"[1, 6, 6]",end
3295,"[1, 8, 9]",8
3295,"[8, 6]",end
3296,"[1, 1, 8]",6
3296,[6],end
3297,"[1, 1, 6]",end
3298,"[1, 8, 6]",end
3299,"[1, 8, 6]",end
3300,"[1, 8, 6]",end
3301,"[1, 8, 6]",end
3302,"[1, 1, 8]",6
3302,[6],end
3303,"[1, 8, 9]",6
3303,[6],end
3304,"[1, 8, 9]",8
3304,"[8, 6]",end
3305,"[1, 8, 6]",end
3306,"[1, 8, 6]",end
3307,"[1, 8, 9]",6
3307,[6],end
3308,"[1, 8, 9]",6
3308,[6],end
3309,"[1, 8, 6]",6
3309,[6],end
3310,"[1, 8, 6]",end
3311,"[1, 8, 6]",end
3312,"[1, 8, 6]",end
3313,"[1, 8, 6]",end
3316,"[1, 8, 6]",8
3316,"[8, 6]",end
3317,"[1, 8, 6]",end
3318,"[1, 8, 9]",6
3318,[6],end
3319,"[1, 8, 6]",end
3320,"[1, 8, 6]",end
3321,"[1, 8, 6]",end
3322,"[1, 8, 9]",8
3322,"[8, 6]",end
3325,"[1, 8, 2]",8
3325,"[8, 9, 6]",end
3326,"[1, 8, 6]",8
3326,"[8, 2, 6]",end
3327,"[1, 8, 6]",end
3328,"[1, 8, 6]",end
3329,"[1, 8, 6]",end
3330,"[1, 8, 6]",end
3332,"[1, 8, 6]",end
3333,"[1, 8, 8]",6
3333,[6],end
3335,"[1, 8, 9]",6
3335,[6],end
3337,"[1, 8, 6]",end
3339,"[1, 8, 6]",end
3340,"[1, 8, 6]",end
3341,"[1, 8, 6]",end
3342,"[1, 8, 9]",6
3342,[6],end
3343,"[8, 6]",end
3345,"[1, 1, 8]",6
3345,[6],end
3346,"[1, 1, 8]",9
3346,"[9, 8, 6]",end
3347,"[1, 6, 6]",end
3348,"[1, 8, 9]",8
3348,"[8, 9, 6]",end
3350,"[1, 8, 6]",end
3352,"[1, 8, 6]",end
3353,"[1, 8, 6]",end
3354,"[1, 9, 8]",6
3354,[6],end
3355,"[1, 8, 6]",end
3356,"[1, 8, 6]",end
3359,"[1, 1, 8]",6
3359,[6],end
3361,"[1, 8, 6]",end
3363,"[1, 8, 6]",end
3364,"[1, 9, 9]",6
3364,[6],end
3365,"[1, 8, 6]",end
3366,"[1, 1, 8]",9
3366,"[9, 9, 8]",6
3366,[6],end
3367,"[1, 8, 6]",6
3367,[6],end
3368,"[1, 8, 6]",end
3369,"[1, 8, 6]",end
3370,"[1, 8, 6]",8
3370,"[8, 6]",end
3371,"[1, 8, 9]",6
3371,[6],end
3374,"[1, 8, 6]",end
3375,"[1, 8, 6]",end
3377,"[1, 8, 6]",end
3378,"[1, 8, 6]",end
3379,"[1, 8, 6]",end
3380,"[1, 8, 6]",end
3381,"[1, 8, 6]",end
3383,"[1, 8, 6]",end
3384,"[1, 1, 8]",6
3384,[6],end
3385,"[1, 1, 8]",9
3385,"[9, 8, 6]",end
3386,"[1, 8, 2]",6
3386,[6],end
3387,"[1, 8, 6]",end
3388,"[1, 8, 8]",9
3388,"[9, 8, 6]",end
3389,"[1, 8, 6]",end
3390,"[1, 8, 6]",end
3391,"[1, 8, 8]",6
3391,[6],end
3392,"[1, 8, 6]",end
3393,"[1, 8, 6]",end
3394,"[1, 8, 6]",end
3395,"[1, 8, 6]",end
3396,"[1, 8, 6]",end
3397,"[1, 8, 6]",end
3399,"[1, 8, 6]",end
3400,"[1, 1, 8]",6
3400,[6],end
3401,"[1, 8, 6]",6
3401,[6],end
3402,"[1, 8, 6]",end
3404,"[1, 8, 6]",end
3405,"[1, 9, 8]",6
3405,"[6, 6]",end
3406,"[1, 8, 9]",6
3406,[6],end
3407,"[1, 8, 6]",end
3408,"[1, 8, 9]",6
3408,[6],end
3410,"[1, 8, 2]",6
3410,[6],end
3411,"[1, 8, 6]",end
3412,"[1, 8, 6]",end
3413,"[1, 8, 9]",6
3413,[6],end
3414,"[1, 8, 6]",end
3415,"[1, 8, 9]",8
3415,"[8, 6]",end
3416,"[1, 6]",end
3417,"[1, 8, 6]",end
3420,"[1, 8, 6]",end
3421,"[1, 8, 6]",end
3422,"[1, 8, 6]",end
3423,"[1, 8, 9]",9
3423,"[9, 8, 6]",end
3424,"[1, 8, 9]",6
3424,[6],end
3425,"[1, 8, 6]",end
3426,"[1, 8, 6]",end
3427,"[1, 8, 6]",end
3428,"[1, 8, 6]",end
3429,"[1, 8, 6]",end
3430,"[1, 8, 6]",end
3431,"[1, 1, 8]",6
3431,[6],end
3432,"[1, 8, 9]",6
3432,[6],end
3433,"[1, 1, 8]",9
3433,"[9, 8, 6]",end
3434,"[1, 8, 9]",8
3434,"[8, 6]",end
3435,"[1, 1, 8]",6
3435,[6],end
3437,"[1, 8, 6]",end
3438,"[1, 8, 6]",end
3441,"[1, 8, 6]",end
3445,"[1, 8, 6]",end
3446,"[1, 8, 6]",end
3447,"[1, 8, 6]",6
3447,[6],end
3450,"[1, 8, 9]",8
3450,"[8, 6, 8]",6
3450,[6],end
3451,"[3, 1, 8]",6
3451,[6],end
3452,"[1, 8, 6]",end
3453,"[1, 1, 8]",6
3453,[6],end
3455,"[1, 8, 6]",end
3456,"[1, 1, 1]",8
3456,"[8, 6]",end
3457,"[1, 8, 9]",8
3457,"[8, 6]",end
3458,"[1, 6]",end
3459,"[3, 1, 8]",6
3459,[6],end
3460,"[1, 8, 6]",end
3461,"[1, 8, 6]",end
3463,"[1, 8, 6]",end
3464,"[1, 8, 9]",8
3464,"[8, 6]",end
3466,"[1, 8, 6]",end
3467,"[1, 8, 6]",8
3467,"[8, 6]",end
3468,"[1, 1, 8]",6
3468,[6],end
3469,"[1, 8, 6]",end
3470,"[1, 8, 6]",end
3471,"[1, 8, 6]",end
3472,"[1, 8, 9]",6
3472,[6],end
3473,"[1, 8, 6]",end
3474,"[1, 8, 6]",end
3476,"[1, 1, 8]",6
3476,[6],end
3477,"[1, 8, 6]",end
3478,"[1, 6, 6]",end
3479,"[1, 8, 9]",8
3479,"[8, 6]",end
3480,"[1, 6]",end
3481,"[3, 1, 8]",6
3481,[6],end
3482,"[1, 1, 8]",9
3482,"[9, 8, 6]",end
3483,"[1, 8, 6]",end
3484,"[1, 6]",end
3485,"[1, 8, 6]",6
3485,[6],end
3486,"[1, 8, 9]",6
3486,[6],end
3487,"[1, 6]",end
3488,"[1, 8, 6]",end
3489,"[1, 8, 9]",8
3489,"[8, 6]",end
3490,"[1, 8, 9]",8
3490,"[8, 9, 8]",6
3490,[6],end
3491,"[1, 6]",end
3492,"[1, 8, 6]",end
3493,"[1, 8, 6]",end
3494,"[1, 8, 6]",end
3495,"[1, 8, 6]",end
3496,"[1, 8, 6]",end
3497,"[1, 8, 6]",end
3499,"[1, 8, 6]",end
3500,"[1, 8, 6]",8
3500,"[8, 9, 8]",6
3500,[6],end
3501,"[1, 8, 6]",end
3502,"[1, 6, 6]",end
3503,"[1, 8, 6]",end
3504,"[1, 1, 8]",9
3504,"[9, 8, 6]",end
3505,"[1, 8, 6]",end
3506,"[1, 8, 9]",8
3506,"[8, 6]",end
3507,"[1, 8, 6]",6
3507,[6],end
3508,"[1, 8, 6]",end
3509,"[1, 8, 8]",9
3509,"[9, 8, 6]",end
3510,"[1, 1, 8]",9
3510,"[9, 8, 6]",end
3511,"[1, 8, 6]",end
3512,"[1, 8, 6]",end
3513,"[1, 8, 6]",end
3514,"[1, 8, 2]",6
3514,[6],end
3515,"[1, 8, 6]",end
3518,"[1, 8, 6]",end
3519,"[1, 6]",end
3520,"[1, 8, 6]",end
3521,"[1, 8, 6]",end
3522,"[1, 8, 6]",end
3523,"[1, 1, 8]",6
3523,[6],end
3524,"[1, 8, 6]",end
3525,"[1, 8, 9]",6
3525,[6],end
3526,"[1, 8, 9]",8
3526,"[8, 6]",end
3527,"[1, 8, 6]",8
3527,"[8, 6]",end
3528,"[1, 8, 6]",end
3531,"[1, 8, 9]",6
3531,[6],end
3533,"[1, 1, 1]",8
3533,"[8, 6]",end
3534,"[1, 8, 6]",end
3536,"[1, 8, 6]",end
3538,"[1, 8, 6]",end
3540,"[1, 6]",end
3541,"[3, 1, 8]",6
3541,[6],end
3544,"[1, 8, 6]",end
3545,"[1, 8, 9]",8
3545,"[8, 6]",end
3547,"[1, 8, 6]",end
3548,"[1, 8, 6]",end
3549,"[1, 8, 9]",8
3549,"[8, 9, 6]",6
3549,[6],end
3550,"[1, 8, 6]",end
3553,"[3, 1, 1]",8
3553,"[8, 9, 8]",6
3553,[6],end
3554,"[1, 8, 6]",end
3555,"[1, 8, 9]",6
3555,[6],end
3556,"[1, 8, 6]",end
3557,"[3, 8, 6]",end
3558,"[1, 8, 6]",end
3559,"[1, 8, 6]",end
3560,"[1, 8, 6]",end
3561,"[1, 8, 9]",6
3561,[6],end
3564,"[1, 8, 6]",end
3566,"[1, 8, 6]",end
3568,"[1, 8, 9]",6
3568,[6],end
3570,"[1, 8, 6]",end
3571,"[1, 1, 9]",8
3571,"[8, 6]",end
3572,"[8, 6]",end
3573,"[1, 6]",end
3574,"[1, 8, 6]",end
3575,"[1, 8, 6]",end
3576,"[1, 8, 6]",end
3577,"[1, 8, 6]",end
3578,"[1, 8, 8]",9
3578,"[9, 9, 8]",6
3578,[6],end
3579,"[1, 8, 6]",8
3579,"[8, 6]",end
3580,"[1, 8, 6]",8
3580,"[8, 6]",end
3581,"[1, 8, 6]",end
3584,"[1, 8, 6]",end
3585,"[1, 8, 6]",end
3586,"[1, 8, 9]",8
3586,"[8, 6]",end
3587,"[1, 8, 6]",end
3588,"[1, 8, 6]",end
3589,"[1, 8, 6]",end
3590,"[1, 1, 8]",7
3590,"[7, 6]",end
3591,"[1, 8, 6]",end
3593,"[8, 9, 6]",end
3594,"[1, 8, 6]",end
3595,"[1, 9, 8]",9
3595,"[9, 8, 6]",end
3596,"[1, 8, 6]",end
3597,"[1, 8, 6]",end
3598,"[1, 8, 6]",end
3602,"[1, 8, 6]",end
3603,"[1, 8, 6]",end
3604,"[1, 8, 9]",6
3604,[6],end
3605,"[1, 1, 1]",1
3605,"[1, 6, 8]",6
3605,[6],end
3606,"[3, 1, 1]",8
3606,"[8, 6]",end
3607,"[1, 8, 6]",end
3608,"[1, 8, 6]",end
3609,"[1, 8, 6]",end
3610,"[1, 1, 8]",6
3610,[6],end
3611,"[3, 1, 8]",6
3611,[6],end
3612,"[1, 8, 6]",end
3615,"[3, 1, 8]",6
3615,[6],end
3616,"[1, 8, 2]",6
3616,[6],end
3617,"[1, 6]",end
3618,"[1, 8, 6]",end
3619,"[1, 8, 6]",end
3620,"[1, 6]",end
3621,"[3, 1, 8]",6
3621,[6],end
3622,"[1, 6]",end
3623,"[1, 6, 6]",end
3624,"[1, 1, 8]",6
3624,[6],end
3625,"[1, 1, 8]",6
3625,[6],end
3626,"[1, 8, 6]",end
3627,"[1, 8, 6]",end
3628,"[1, 8, 6]",end
3629,"[1, 8, 6]",end
3630,"[1, 8, 9]",6
3630,[6],end
3631,"[1, 8, 6]",end
3632,"[1, 8, 6]",end
3633,"[1, 8, 6]",end
3635,"[1, 8, 6]",end
3636,"[1, 8, 6]",end
3637,"[1, 8, 9]",6
3637,[6],end
3638,"[1, 8, 6]",end
3639,"[1, 8, 6]",end
3640,"[1, 8, 6]",end
3642,"[1, 8, 9]",8
3642,"[8, 6, 6]",end
3644,"[1, 8, 6]",end
3646,"[1, 8, 8]",6
3646,[6],end
3647,"[1, 8, 6]",end
3648,"[1, 8, 6]",end
3649,"[1, 8, 6]",end
3650,"[1, 8, 9]",6
3650,[6],end
3651,"[1, 8, 6]",end
3652,"[1, 8, 6]",end
3654,"[1, 8, 6]",end
3655,"[1, 8, 6]",end
3657,"[1, 8, 6]",end
3658,"[1, 8, 9]",6
3658,[6],end
3659,"[1, 8, 6]",end
3660,"[1, 8, 6]",end
3661,"[1, 8, 6]",end
3664,"[1, 8, 6]",end
3665,"[1, 8, 9]",6
3665,[6],end
3667,"[1, 8, 6]",end
3668,"[1, 8, 6]",end
3671,"[1, 8, 6]",end
3672,"[1, 8, 6]",end
3675,"[1, 8, 6]",end
3677,"[1, 6]",end
3679,"[1, 8, 6]",end
3680,"[1, 8, 6]",end
3681,"[1, 8, 6]",end
3682,"[1, 8, 6]",end
3683,"[1, 8, 6]",end
3684,"[1, 8, 6]",end
3685,"[1, 9, 8]",9
3685,"[9, 8, 6]",8
3685,"[8, 9, 8]",6
3685,[6],end
3686,"[1, 8, 6]",end
3687,"[1, 8, 9]",8
3687,"[8, 9, 6]",end
3689,"[1, 8, 9]",6
3689,[6],end
3690,"[1, 1, 8]",6
3690,"[6, 8, 6]",end
3691,"[1, 1, 8]",9
3691,"[9, 6]",end
3693,"[1, 8, 6]",end
3694,"[1, 6]",end
3695,"[1, 8, 6]",end
3697,"[1, 8, 9]",8
3697,"[8, 6]",end
3698,"[8, 9, 6]",end
3699,"[1, 8, 6]",end
3700,"[1, 8, 6]",end
3701,"[1, 8, 6]",end
3702,"[1, 1, 6]",end
3703,"[1, 8, 6]",6
3703,[6],end
3704,"[1, 6]",end
3706,"[1, 8, 6]",end
3707,"[1, 8, 6]",end
3709,"[1, 8, 6]",end
3710,"[1, 1, 8]",6
3710,[6],end
3711,"[1, 8, 6]",end
3712,"[1, 8, 6]",end
3713,"[1, 8, 6]",end
3714,"[1, 8, 6]",end
3715,"[1, 8, 6]",end
3716,"[1, 8, 6]",end
3717,"[1, 8, 9]",9
3717,"[9, 8, 6]",end
3718,"[1, 8, 6]",8
3718,"[8, 9, 6]",end
3719,"[1, 8, 6]",end
3720,"[1, 8, 6]",end
3721,"[1, 8, 6]",end
3722,"[1, 1, 8]",6
3722,[6],end
3723,"[1, 8, 6]",end
3724,"[1, 8, 6]",end
3725,"[1, 6, 6]",end
3726,"[1, 8, 6]",end
3727,"[1, 8, 6]",end
3728,"[1, 1, 6]",end
3729,"[1, 6]",end
3730,"[1, 8, 6]",end
3731,"[1, 8, 6]",end
3732,"[1, 8, 6]",end
3733,"[1, 6, 6]",end
3734,"[1, 8, 6]",end
3735,"[1, 8, 6]",end
3736,"[8, 6]",end
3737,"[1, 8, 6]",end
3738,"[1, 8, 6]",end
3739,"[1, 6]",end
3740,"[1, 8, 8]",9
3740,"[9, 9, 8]",6
3740,[6],end
3741,"[1, 8, 6]",end
3743,"[1, 8, 6]",end
3744,"[1, 8, 9]",9
3744,"[9, 8, 6]",end
3746,"[1, 8, 6]",end
3747,"[1, 8, 6]",end
3748,"[1, 1, 8]",6
3748,[6],end
3749,"[1, 8, 6]",end
3750,"[1, 8, 6]",end
3751,"[1, 8, 6]",end
3752,"[1, 8, 6]",end
3753,"[1, 8, 6]",end
3754,"[1, 6]",end
3755,"[1, 8, 6]",end
3756,"[1, 8, 6]",end
3757,"[1, 1, 8]",6
3757,[6],end
3758,"[1, 8, 6]",end
3759,"[1, 1, 8]",6
3759,[6],end
3760,"[1, 6]",end
3761,"[8, 6]",end
3762,"[1, 8, 6]",end
3763,"[1, 8, 6]",end
3764,"[1, 8, 6]",end
3765,"[1, 8, 6]",end
3767,"[1, 8, 6]",6
3767,[6],end
3768,"[1, 8, 9]",8
3768,"[8, 9, 8]",6
3768,[6],end
3769,"[1, 8, 6]",end
3771,"[1, 8, 9]",8
3771,"[8, 6]",end
3772,"[1, 8, 6]",8
3772,"[8, 6]",end
3773,"[1, 8, 6]",end
3774,"[1, 8, 9]",6
3774,[6],end
3777,"[1, 8, 6]",end
3778,"[1, 8, 8]",9
3778,"[9, 8, 6]",end
3779,"[1, 8, 4]",4
3779,"[4, 4, 6]",end
3780,"[1, 1, 8]",6
3780,[6],end
3781,"[8, 6]",end
3782,"[1, 1, 8]",6
3782,[6],end
3783,"[1, 8, 6]",end
3784,"[1, 8, 6]",end
3785,"[1, 8, 6]",end
3786,"[1, 8, 6]",end
3788,"[1, 1, 8]",6
3788,[6],end
3789,"[1, 8, 9]",8
3789,"[8, 6]",end
3790,"[1, 8, 6]",end
3791,"[1, 8, 6]",end
3792,"[1, 8, 6]",end
3793,"[1, 8, 9]",6
3793,[6],end
3794,"[1, 8, 6]",end
3795,"[1, 1, 8]",6
3795,[6],end
3796,"[1, 8, 6]",end
3797,"[1, 8, 9]",8
3797,"[8, 6]",end
3799,"[1, 8, 6]",end
3800,"[1, 8, 9]",6
3800,[6],end
3801,"[1, 8, 6]",end
3803,"[1, 1, 6]",end
3804,"[1, 8, 9]",8
3804,"[8, 9, 6]",end
3805,"[1, 8, 6]",6
3805,[6],end
3806,"[1, 8, 9]",8
3806,"[8, 6, 6]",end
3807,"[1, 8, 9]",6
3807,[6],end
3808,"[8, 6]",end
3809,"[1, 1, 8]",6
3809,[6],end
3810,"[1, 8, 6]",end
3811,"[1, 8, 6]",end
3812,"[1, 8, 9]",8
3812,"[8, 6]",end
3813,"[1, 8, 9]",9
3813,"[9, 8, 6]",end
3814,"[1, 8, 6]",end
3815,"[1, 9, 8]",6
3815,[6],end
3816,"[1, 8, 9]",6
3816,[6],end
3817,"[1, 8, 6]",end
3820,"[1, 8, 6]",6
3820,[6],end
3821,"[1, 8, 6]",end
3823,"[1, 8, 6]",end
3824,"[1, 1, 1]",8
3824,"[8, 9, 8]",6
3824,[6],end
3825,"[1, 8, 6]",end
3826,"[1, 1, 8]",6
3826,[6],end
3827,"[1, 8, 6]",end
3828,"[1, 8, 9]",8
3828,"[8, 9, 6]",end
3829,"[1, 8, 6]",end
3830,"[1, 8, 6]",end
3831,"[1, 8, 6]",end
3833,"[1, 1, 8]",6
3833,[6],end
3834,"[1, 8, 6]",end
3835,"[1, 1, 8]",6
3835,"[6, 8, 9]",8
3835,"[8, 6, 8]",9
3835,"[9, 8, 6]",end
3836,"[1, 8, 6]",end
3837,"[1, 9, 8]",6
3837,[6],end
3838,"[1, 8, 6]",end
3839,"[2, 5, 6]",end
3840,"[1, 8, 6]",end
3841,"[1, 1, 8]",9
3841,"[9, 8, 6]",end
3842,"[1, 8, 6]",end
3843,"[1, 8, 6]",end
3844,"[1, 8, 6]",end
3845,"[1, 8, 6]",6
3845,[6],end
3846,"[1, 8, 9]",6
3846,[6],end
3847,"[1, 8, 9]",6
3847,[6],end
3848,"[1, 8, 9]",8
3848,"[8, 6]",end
3849,"[1, 8, 6]",6
3849,[6],end
3850,"[1, 8, 6]",end
3851,"[1, 8, 6]",end
3852,"[1, 8, 6]",end
3853,"[1, 8, 6]",end
3854,"[1, 6]",end
3855,"[1, 8, 6]",end
3856,"[3, 1, 8]",6
3856,[6],end
3858,"[1, 8, 6]",end
3859,"[1, 8, 6]",end
3860,"[8, 6]",end
3861,"[1, 8, 9]",6
3861,[6],end
3862,"[1, 8, 6]",end
3863,"[1, 8, 6]",end
3864,"[1, 8, 6]",end
3866,"[1, 8, 6]",end
3867,"[1, 8, 9]",6
3867,[6],end
3868,"[1, 8, 6]",end
3869,"[1, 8, 9]",6
3869,[6],end
3870,"[1, 6]",end
3871,"[1, 8, 6]",end
3872,"[1, 8, 6]",end
3873,"[1, 8, 9]",8
3873,"[8, 6]",end
3874,"[1, 1, 8]",6
3874,[6],end
3875,"[1, 8, 9]",6
3875,[6],end
3876,"[1, 8, 6]",end
3878,"[1, 8, 6]",end
3879,"[1, 8, 6]",end
3880,"[1, 6]",end
3881,"[1, 8, 9]",8
3881,"[8, 6]",end
3882,"[1, 8, 6]",end
3883,"[3, 1, 8]",6
3883,[6],end
3885,"[1, 8, 6]",end
3886,"[3, 1, 1]",1
3886,"[1, 8, 6]",end
3887,"[1, 1, 8]",6
3887,[6],end
3889,"[1, 8, 6]",end
3891,"[1, 8, 6]",end
3892,"[1, 8, 6]",end
3893,"[1, 8, 9]",8
3893,"[8, 6]",end
3894,"[1, 8, 6]",end
3895,"[1, 8, 9]",6
3895,[6],end
3897,"[1, 8, 4]",2
3897,"[2, 6]",end
3898,"[1, 8, 6]",end
3900,"[1, 8, 6]",end
3901,"[3, 1, 8]",6
3901,[6],end
3902,"[1, 8, 6]",end
3903,"[1, 8, 9]",8
3903,"[8, 6]",end
3904,"[1, 8, 9]",6
3904,[6],end
3906,"[1, 8, 6]",end
3907,"[1, 8, 6]",end
3908,"[1, 8, 6]",end
3909,"[1, 8, 9]",6
3909,[6],end
3910,"[1, 8, 6]",end
3911,"[1, 1, 8]",6
3911,[6],end
3914,"[1, 8, 6]",end
3915,"[1, 8, 6]",end
3916,"[8, 6]",end
3917,"[1, 1, 8]",6
3917,[6],end
3918,"[1, 8, 6]",end
3919,"[1, 8, 6]",end
3920,"[1, 8, 6]",end
3921,"[1, 8, 6]",end
3922,"[1, 8, 6]",end
3923,"[1, 8, 6]",end
3924,"[1, 8, 9]",8
3924,"[8, 6]",end
3925,"[1, 8, 6]",6
3925,[6],end
3926,"[1, 8, 6]",end
3927,"[1, 8, 6]",end
3929,"[1, 8, 6]",end
3931,"[1, 8, 6]",end
3932,"[1, 8, 6]",end
3933,"[1, 8, 6]",end
3934,"[1, 6]",end
3935,"[1, 8, 6]",end
3936,"[1, 8, 6]",end
3937,"[1, 8, 6]",end
3938,"[1, 8, 6]",end
3939,"[1, 8, 6]",end
3940,"[3, 1, 8]",6
3940,[6],end
3941,"[1, 1, 8]",6
3941,[6],end
3942,"[1, 6]",end
3943,"[1, 8, 6]",end
3944,"[1, 8, 6]",end
3945,"[1, 8, 6]",end
3947,"[1, 1, 8]",6
3947,[6],end
3948,"[1, 8, 9]",6
3948,[6],end
3949,"[1, 8, 6]",end
3950,"[1, 8, 6]",6
3950,[6],end
3951,"[1, 8, 6]",end
3952,"[1, 8, 6]",end
3953,"[1, 8, 6]",end
3954,"[1, 8, 6]",8
3954,"[8, 6]",end
3955,"[1, 8, 6]",end
3956,"[1, 8, 6]",end
3958,"[1, 8, 6]",8
3958,"[8, 6]",end
3959,"[1, 8, 9]",8
3959,"[8, 6]",end
3960,"[1, 8, 8]",8
3960,"[8, 9, 8]",6
3960,[6],end
3961,"[1, 1, 8]",6
3961,[6],end
3962,"[1, 1, 8]",6
3962,[6],end
3964,"[1, 8, 6]",end
3965,"[1, 8, 6]",end
3966,"[1, 8, 9]",8
3966,"[8, 6]",end
3967,"[1, 8, 6]",end
3968,"[1, 8, 6]",end
3969,"[1, 8, 6]",end
3970,"[1, 8, 6]",end
3971,"[1, 8, 6]",end
3972,"[1, 8, 6]",end
3973,"[1, 8, 6]",end
3975,"[1, 8, 9]",8
3975,"[8, 9, 8]",6
3975,[6],end
3977,"[1, 8, 6]",end
3978,"[3, 1, 8]",6
3978,[6],end
3979,"[1, 8, 6]",end
3980,"[1, 8, 6]",end
3981,"[1, 8, 6]",8
3981,"[8, 6, 8]",2
3981,"[2, 6]",end
3982,"[1, 8, 6]",end
3984,"[1, 8, 6]",end
3985,"[1, 8, 6]",end
3986,"[1, 8, 6]",end
3987,"[1, 1, 8]",6
3987,[6],end
3988,"[1, 1, 8]",6
3988,[6],end
3989,"[1, 8, 6]",end
3990,"[1, 8, 6]",end
3991,"[1, 8, 6]",end
3993,"[1, 8, 8]",8
3993,"[8, 9, 8]",6
3993,[6],end
3994,"[1, 1, 8]",9
3994,"[9, 8, 6]",end
3995,"[1, 8, 9]",6
3995,[6],end
3996,"[1, 8, 6]",end
3997,"[1, 8, 6]",end
3998,"[1, 8, 6]",end
3999,"[1, 8, 6]",end
4000,"[1, 8, 6]",end
4001,"[1, 8, 6]",end
4002,"[1, 8, 6]",end
4003,"[1, 1, 8]",6
4003,[6],end
4005,"[1, 8, 9]",6
4005,[6],end
4007,"[1, 8, 9]",6
4007,[6],end
4008,"[1, 8, 9]",8
4008,"[8, 6]",end
4010,"[1, 8, 6]",6
4010,[6],end
4011,"[1, 8, 6]",end
4012,"[1, 1, 8]",9
4012,"[9, 8, 9]",6
4012,[6],end
4013,"[1, 8, 6]",end
4014,"[1, 8, 6]",end
4015,"[1, 8, 6]",end
4016,"[1, 8, 6]",end
4018,"[3, 1, 8]",6
4018,[6],end
4019,"[1, 8, 9]",9
4019,"[9, 8, 9]",9
4019,"[9, 8, 8]",8
4019,"[8, 6]",end
4020,"[1, 8, 6]",end
4021,"[1, 8, 6]",end
4022,"[1, 9, 8]",6
4022,[6],end
4023,"[1, 8, 6]",end
4024,"[1, 8, 6]",end
4025,"[1, 8, 6]",8
4025,"[8, 6]",end
4027,"[1, 8, 6]",end
4028,"[1, 8, 9]",6
4028,[6],end
4029,"[1, 8, 6]",end
4030,"[1, 8, 6]",end
4032,"[1, 9, 6]",end
4033,"[1, 8, 6]",end
4034,"[1, 8, 9]",6
4034,[6],end
4035,"[1, 8, 6]",end
4036,"[1, 8, 6]",end
4037,"[1, 8, 6]",end
4038,"[1, 8, 9]",8
4038,"[8, 6]",end
4039,"[1, 8, 6]",end
4040,"[1, 8, 9]",8
4040,"[8, 6]",end
4041,"[1, 8, 6]",end
4042,"[1, 6]",end
4043,"[1, 8, 6]",end
4044,"[1, 8, 8]",7
4044,"[7, 6]",end
4045,"[1, 8, 6]",end
4046,"[1, 8, 6]",end
4047,"[3, 1, 8]",6
4047,[6],end
4048,"[1, 8, 6]",end
4049,"[1, 8, 9]",8
4049,"[8, 6]",end
4050,"[1, 1, 8]",6
4050,[6],end
4051,"[1, 8, 6]",end
4052,"[1, 8, 6]",end
4053,"[1, 1, 8]",6
4053,[6],end
4054,"[1, 8, 6]",end
4055,"[1, 8, 6]",end
4056,"[1, 6]",end
4057,"[1, 8, 6]",end
4058,"[1, 8, 9]",6
4058,[6],end
4059,"[1, 1, 8]",9
4059,"[9, 8, 6]",end
4060,"[1, 8, 9]",6
4060,[6],end
4061,"[1, 8, 6]",end
4062,"[1, 8, 6]",end
4063,"[1, 8, 6]",end
4064,"[1, 8, 9]",6
4064,[6],end
4065,"[1, 1, 8]",6
4065,[6],end
4066,"[1, 8, 6]",end
4068,"[1, 8, 6]",end
4070,"[1, 8, 6]",end
4071,"[1, 8, 6]",end
4072,"[1, 8, 6]",end
4075,"[3, 1, 8]",6
4075,[6],end
4076,"[1, 8, 6]",end
4077,"[3, 1, 8]",6
4077,[6],end
4078,"[1, 8, 6]",end
4079,"[1, 8, 6]",end
4080,"[1, 6, 6]",end
4081,"[1, 1, 8]",6
4081,[6],end
4082,"[1, 8, 4]",6
4082,[6],end
4083,"[1, 8, 6]",end
4085,"[1, 1, 6]",end
4086,"[1, 8, 9]",6
4086,[6],end
4087,"[1, 8, 9]",6
4087,[6],end
4088,"[1, 8, 6]",end
4089,"[1, 8, 9]",6
4089,[6],end
4090,"[1, 8, 6]",end
4091,"[1, 8, 6]",end
4092,"[1, 8, 6]",end
4093,"[1, 8, 6]",end
4094,"[1, 8, 6]",end
4095,"[1, 8, 6]",end
4096,"[1, 8, 6]",end
4097,"[1, 6]",end
4098,"[1, 8, 6]",end
4099,"[1, 8, 6]",end
4100,"[1, 8, 9]",8
4100,"[8, 6]",end
4101,"[1, 8, 6]",8
4101,"[8, 9, 8]",6
4101,[6],end
4102,"[8, 6]",end
4103,"[1, 6]",end
4104,"[1, 8, 6]",end
4105,"[1, 8, 6]",end
4106,"[1, 8, 6]",end
4108,"[1, 8, 6]",end
4109,"[1, 8, 6]",end
4110,"[1, 6]",end
4111,"[1, 6]",end
4112,"[8, 6, 6]",end
4113,"[1, 1, 8]",6
4113,[6],end
4114,"[1, 8, 6]",6
4114,[6],end
4115,"[1, 8, 6]",end
4116,"[1, 8, 6]",end
4117,"[1, 6]",end
4118,"[1, 8, 6]",end
4119,"[1, 8, 6]",end
4120,"[1, 8, 6]",end
4121,"[1, 8, 9]",6
4121,[6],end
4122,"[1, 8, 6]",end
4123,"[1, 8, 6]",end
4124,"[1, 8, 9]",6
4124,[6],end
4125,"[1, 8, 6]",end
4126,"[1, 8, 9]",6
4126,[6],end
4128,"[3, 1, 8]",9
4128,"[9, 8, 9]",8
4128,"[8, 6]",end
4129,"[1, 8, 6]",end
4130,"[3, 1, 8]",6
4130,[6],end
4131,"[1, 8, 6]",end
4132,"[1, 8, 6]",6
4132,[6],end
4133,"[1, 8, 6]",end
4134,"[1, 1, 8]",6
4134,[6],end
4135,"[1, 8, 6]",end
4136,"[1, 8, 6]",end
4137,"[1, 1, 8]",6
4137,[6],end
4138,"[1, 8, 6]",end
4139,"[1, 6]",end
4140,"[1, 8, 6]",end
4141,"[1, 8, 6]",end
4142,"[1, 8, 9]",6
4142,[6],end
4143,"[3, 1, 8]",6
4143,[6],end
4144,"[1, 8, 6]",end
4146,"[1, 8, 6]",end
4148,"[1, 8, 6]",8
4148,"[8, 6]",end
4150,"[1, 9, 8]",6
4150,[6],end
4151,"[1, 8, 6]",end
4152,"[1, 1, 8]",6
4152,[6],end
4153,"[1, 8, 9]",8
4153,"[8, 6]",end
4155,"[1, 8, 9]",6
4155,[6],end
4157,"[1, 8, 9]",8
4157,"[8, 6]",end
4158,"[1, 8, 6]",end
4159,"[1, 8, 6]",end
4162,"[1, 8, 6]",end
4163,"[1, 8, 6]",end
4164,"[1, 8, 9]",8
4164,"[8, 6]",end
4166,"[1, 8, 9]",6
4166,[6],end
4167,"[1, 8, 6]",end
4168,"[1, 8, 6]",end
4169,"[1, 8, 6]",end
4170,"[1, 8, 6]",end
4171,"[1, 8, 6]",8
4171,"[8, 9, 8]",6
4171,[6],end
4173,"[1, 8, 6]",end
4174,"[1, 8, 6]",end
4175,"[1, 8, 6]",end
4176,"[1, 8, 6]",end
4177,"[1, 8, 9]",8
4177,"[8, 6]",end
4178,"[3, 1, 8]",6
4178,[6],end
4179,"[1, 1, 8]",6
4179,[6],end
4180,"[1, 8, 6]",end
4181,"[1, 8, 9]",8
4181,"[8, 6]",end
4182,"[1, 8, 6]",end
4184,"[1, 8, 9]",8
4184,"[8, 6]",end
4186,"[1, 8, 6]",end
4188,"[1, 8, 6]",end
4189,"[1, 8, 6]",end
4190,"[1, 8, 6]",end
4191,"[1, 6, 6]",end
4192,"[1, 8, 6]",end
4193,"[1, 8, 6]",end
4195,"[1, 8, 9]",8
4195,"[8, 6]",end
4196,"[1, 8, 6]",end
4198,"[1, 8, 6]",end
4199,"[1, 8, 6]",end
4200,"[1, 8, 6]",end
4201,"[1, 8, 6]",end
4202,"[1, 8, 6]",end
4203,"[1, 8, 6]",end
4204,"[1, 6, 6]",end
4205,"[1, 8, 6]",end
4207,"[3, 1, 1]",8
4207,"[8, 9, 8]",6
4207,[6],end
4208,"[1, 8, 6]",end
4209,"[1, 8, 6]",end
4210,"[1, 8, 6]",end
4211,"[1, 8, 6]",end
4213,"[1, 1, 8]",6
4213,"[6, 6]",end
4214,"[1, 8, 6]",end
4215,"[1, 1, 6]",end
4216,"[1, 8, 6]",end
4217,"[1, 8, 6]",end
4218,"[1, 8, 6]",end
4219,"[1, 1, 8]",9
4219,"[9, 6]",end
4220,"[1, 8, 6]",end
4221,"[1, 8, 9]",6
4221,[6],end
4222,"[1, 8, 9]",6
4222,[6],end
4223,"[1, 1, 8]",6
4223,[6],end
4224,"[1, 8, 6]",end
4225,"[1, 8, 6]",6
4225,"[6, 6, 8]",6
4225,[6],end
4226,"[1, 8, 6]",end
4227,"[1, 8, 6]",end
4228,"[1, 8, 8]",9
4228,"[9, 6]",end
4229,"[1, 8, 6]",end
4230,"[1, 8, 9]",6
4230,[6],end
4231,"[1, 6]",end
4232,"[1, 8, 6]",end
4233,"[1, 8, 6]",end
4234,"[1, 8, 6]",6
4234,[6],end
4235,"[1, 6]",end
4236,"[1, 8, 6]",end
4237,"[1, 1, 8]",9
4237,"[9, 8, 6]",end
4238,"[1, 8, 6]",end
4239,"[1, 8, 6]",end
4240,"[1, 8, 6]",end
4242,"[9, 6]",end
4243,"[3, 1, 8]",6
4243,[6],end
4244,"[1, 8, 9]",9
4244,"[9, 6]",end
4245,"[1, 8, 9]",6
4245,[6],end
4246,"[1, 8, 6]",end
4247,"[1, 8, 6]",end
4248,"[1, 6]",end
4249,"[1, 8, 6]",end
4250,"[1, 8, 9]",8
4250,"[8, 9, 8]",6
4250,[6],end
4251,"[1, 8, 6]",6
4251,[6],end
4252,"[1, 8, 6]",end
4253,"[1, 8, 9]",8
4253,"[8, 6]",end
4254,"[1, 8, 9]",6
4254,[6],end
4256,"[1, 8, 6]",end
4258,"[1, 8, 6]",end
4260,"[1, 8, 6]",end
4261,"[1, 8, 9]",6
4261,[6],end
4262,"[1, 8, 6]",end
4263,"[1, 8, 9]",8
4263,"[8, 6]",end
4264,"[1, 8, 6]",end
4265,"[1, 6]",end
4266,"[3, 1, 8]",6
4266,[6],end
4267,"[1, 8, 6]",6
4267,[6],end
4269,"[1, 8, 9]",6
4269,[6],end
4270,"[1, 8, 6]",end
4271,"[1, 8, 6]",end
4272,"[1, 8, 6]",end
4273,"[1, 1, 8]",9
4273,"[9, 8, 6]",end
4274,"[1, 8, 6]",end
4275,"[1, 8, 9]",8
4275,"[8, 6]",end
4276,"[1, 8, 6]",end
4277,"[1, 8, 6]",end
4278,"[1, 8, 6]",6
4278,[6],end
4279,"[1, 1, 8]",6
4279,[6],end
4280,"[1, 8, 9]",8
4280,"[8, 9, 8]",9
4280,"[9, 8, 6]",end
4281,"[1, 8, 6]",end
4282,"[1, 8, 6]",end
4283,"[1, 8, 6]",end
4284,"[1, 1, 8]",6
4284,"[6, 8, 6]",end
4285,"[3, 1, 8]",9
4285,"[9, 8, 6]",end
4286,"[1, 8, 6]",end
4287,"[1, 1, 8]",6
4287,[6],end
4288,"[1, 8, 6]",6
4288,[6],end
4289,"[1, 6]",end
4290,"[1, 8, 6]",end
4291,"[1, 6]",end
4292,"[1, 8, 6]",end
4293,"[1, 8, 6]",end
4294,"[1, 1, 8]",6
4294,[6],end
4295,"[1, 8, 6]",end
4296,"[1, 8, 6]",end
4297,"[1, 8, 6]",end
4298,"[1, 6]",end
4299,"[1, 8, 6]",6
4299,[6],end
4302,"[1, 8, 6]",end
4303,"[1, 8, 6]",8
4303,"[8, 6]",end
4304,"[1, 8, 8]",6
4304,[6],end
4305,"[1, 8, 9]",6
4305,[6],end
4306,"[1, 8, 6]",end
4307,"[1, 8, 6]",end
4308,"[1, 8, 6]",end
4309,"[1, 8, 9]",6
4309,[6],end
4310,"[1, 8, 6]",end
4311,"[1, 8, 6]",end
4312,"[1, 8, 6]",end
4313,"[1, 8, 6]",end
4314,"[1, 8, 9]",6
4314,[6],end
4315,"[1, 8, 6]",end
4316,"[1, 8, 6]",end
4317,"[1, 6, 6]",end
4318,"[1, 8, 6]",end
4319,"[1, 8, 6]",end
4320,"[1, 8, 6]",end
4321,"[1, 8, 6]",end
4322,"[1, 1, 8]",6
4322,[6],end
4323,"[1, 8, 9]",6
4323,[6],end
4326,"[1, 8, 9]",6
4326,[6],end
4327,"[1, 8, 9]",8
4327,"[8, 9, 8]",6
4327,[6],end
4328,"[1, 8, 6]",end
4329,"[1, 1, 8]",6
4329,"[6, 6, 6]",end
4330,"[1, 8, 9]",6
4330,[6],end
4331,"[1, 8, 6]",end
4333,"[1, 8, 6]",end
4334,"[1, 8, 6]",end
4335,"[1, 8, 6]",end
4336,"[1, 8, 9]",8
4336,"[8, 6]",end
4339,"[1, 1, 8]",6
4339,[6],end
4340,"[1, 8, 6]",end
4341,"[1, 8, 6]",end
4342,"[1, 8, 6]",end
4343,"[1, 8, 6]",end
4344,"[1, 8, 6]",end
4345,"[1, 8, 6]",end
4346,"[1, 8, 6]",end
4347,"[1, 8, 6]",end
4349,"[1, 8, 6]",end
4350,"[1, 1, 8]",6
4350,[6],end
4355,"[1, 8, 6]",end
4356,"[1, 8, 9]",8
4356,"[8, 6]",end
4357,"[1, 6, 6]",end
4358,"[1, 8, 6]",end
4359,"[1, 8, 9]",6
4359,[6],end
4360,"[1, 8, 6]",end
4362,"[1, 8, 6]",end
4363,"[1, 1, 1]",8
4363,"[8, 6]",end
4364,"[1, 8, 6]",end
4365,"[1, 8, 9]",6
4365,[6],end
4366,"[1, 8, 6]",end
4367,"[8, 6]",end
4368,"[1, 8, 6]",end
4371,"[1, 6, 6]",end
4372,"[1, 6]",end
4373,"[1, 8, 6]",end
4374,"[1, 8, 6]",end
4375,"[3, 1, 8]",6
4375,"[6, 8, 9]",8
4375,"[8, 6]",end
4376,"[1, 8, 6]",end
4377,"[1, 8, 6]",end
4378,"[1, 1, 8]",9
4378,"[9, 8, 6]",end
4379,"[1, 8, 6]",end
4380,"[1, 8, 6]",end
4381,"[1, 8, 9]",8
4381,"[8, 9, 8]",6
4381,"[6, 8, 9]",8
4381,"[8, 6]",end
4382,"[1, 8, 6]",end
4384,"[1, 8, 6]",8
4384,"[8, 9, 8]",6
4384,[6],end
4386,"[1, 8, 6]",6
4386,[6],end
4387,"[1, 1, 1]",8
4387,"[8, 9, 8]",6
4387,[6],end
4388,"[1, 6]",end
4390,"[1, 8, 6]",end
4391,"[1, 8, 6]",end
4392,"[1, 1, 8]",6
4392,[6],end
4393,"[1, 8, 6]",end
4394,"[1, 8, 6]",end
4395,"[1, 8, 9]",8
4395,"[8, 9, 6]",end
4396,"[1, 8, 6]",end
4397,"[1, 8, 6]",end
4399,"[1, 8, 8]",6
4399,[6],end
4400,"[1, 8, 9]",9
4400,"[9, 8, 6]",end
4401,"[1, 8, 6]",end
4402,"[1, 8, 9]",9
4402,"[9, 8, 6]",end
4403,"[1, 8, 6]",end
4404,"[1, 8, 9]",9
4404,"[9, 6]",end
4405,"[1, 8, 6]",end
4406,"[1, 8, 8]",6
4406,[6],end
4408,"[1, 8, 6]",end
4409,"[1, 8, 9]",6
4409,[6],end
4411,"[1, 8, 9]",8
4411,"[8, 9, 6]",end
4412,"[3, 1, 8]",6
4412,[6],end
4413,"[1, 8, 6]",end
4414,"[1, 8, 8]",8
4414,"[8, 6]",end
4416,"[1, 8, 8]",6
4416,[6],end
4418,"[1, 8, 6]",end
4419,"[1, 9, 6]",end
4420,"[1, 8, 6]",end
4422,"[1, 8, 6]",end
4425,"[1, 8, 6]",end
4427,"[1, 8, 9]",6
4427,[6],end
4428,"[1, 8, 6]",end
4429,"[1, 8, 6]",end
4430,"[1, 8, 6]",end
4432,"[1, 8, 6]",end
4433,"[8, 9, 6]",end
4434,"[1, 8, 9]",8
4434,"[8, 6, 8]",6
4434,[6],end
4435,"[1, 8, 6]",end
4436,"[1, 8, 6]",8
4436,"[8, 6]",end
4437,"[1, 8, 6]",end
4438,"[1, 8, 6]",8
4438,"[8, 6]",end
4439,"[1, 8, 6]",end
4440,"[1, 8, 6]",end
4441,"[1, 8, 6]",end
4442,"[1, 1, 1]",8
4442,"[8, 9, 8]",9
4442,"[9, 8, 6]",end
4443,"[1, 8, 6]",end
4444,"[1, 8, 6]",end
4445,"[1, 8, 6]",end
4446,"[1, 8, 6]",end
4447,"[1, 8, 6]",end
4448,"[1, 8, 6]",end
4449,"[1, 8, 6]",end
4450,"[1, 1, 8]",6
4450,[6],end
4451,"[1, 8, 6]",end
4452,"[1, 8, 6]",end
4453,"[1, 8, 9]",8
4453,"[8, 6]",end
4454,"[1, 8, 9]",9
4454,"[9, 6]",end
4455,"[1, 8, 6]",end
4457,"[1, 8, 6]",end
4458,"[1, 8, 8]",6
4458,[6],end
4459,"[1, 8, 9]",6
4459,[6],end
4460,"[1, 8, 6]",end
4461,"[1, 8, 6]",end
4462,"[1, 8, 6]",end
4464,"[1, 1, 8]",6
4464,[6],end
4466,"[1, 9, 6]",end
4467,"[1, 1, 1]",8
4467,"[8, 9, 8]",6
4467,[6],end
4468,"[1, 6]",end
4469,"[1, 8, 6]",end
4470,"[1, 8, 6]",end
4471,"[1, 8, 6]",end
4472,"[1, 8, 6]",8
4472,"[8, 6]",end
4473,"[1, 8, 6]",end
4474,"[1, 8, 6]",end
4475,"[1, 8, 6]",end
4476,"[1, 8, 6]",end
4477,"[1, 8, 6]",end
4479,"[1, 6]",end
4480,"[1, 8, 6]",end
4481,"[1, 8, 9]",9
4481,"[9, 6]",end
4482,"[1, 8, 9]",8
4482,"[8, 6]",end
4483,"[1, 8, 6]",end
4484,"[1, 8, 6]",end
4486,"[1, 8, 6]",end
4488,"[1, 8, 6]",end
4489,"[1, 8, 6]",end
4490,"[1, 8, 9]",8
4490,"[8, 6]",end
4491,"[1, 8, 6]",end
4492,"[1, 8, 9]",6
4492,[6],end
4493,"[1, 6, 6]",end
4494,"[1, 8, 6]",end
4495,"[1, 6]",end
4496,"[3, 1, 8]",6
4496,[6],end
4497,"[1, 1, 8]",6
4497,[6],end
4498,"[1, 8, 9]",6
4498,[6],end
4499,"[1, 1, 8]",6
4499,[6],end
4500,"[1, 8, 6]",end
4502,"[1, 8, 6]",end
4503,"[1, 8, 9]",8
4503,"[8, 6]",end
4504,"[1, 8, 6]",end
4505,"[1, 8, 6]",end
4507,"[3, 1, 8]",6
4507,[6],end
4508,"[1, 8, 6]",end
4509,"[1, 8, 6]",end
4510,"[1, 8, 6]",end
4512,"[1, 9, 6]",end
4513,"[8, 6]",end
4514,"[1, 8, 9]",8
4514,"[8, 6]",end
4515,"[1, 8, 6]",end
4516,"[1, 8, 6]",end
4517,"[1, 8, 6]",end
4518,"[1, 8, 9]",6
4518,[6],end
4519,"[1, 8, 9]",9
4519,"[9, 8, 9]",8
4519,"[8, 2, 6]",end
4520,"[1, 8, 6]",end
4521,"[1, 8, 6]",end
4522,"[1, 8, 9]",6
4522,[6],end
4523,"[1, 8, 6]",end
4524,"[1, 8, 6]",end
4525,"[1, 8, 6]",6
4525,[6],end
4526,"[1, 8, 6]",end
4527,"[1, 6]",end
4528,"[1, 6, 9]",9
4528,"[9, 6]",end
4529,"[1, 8, 6]",end
4531,"[8, 6]",end
4533,"[1, 8, 6]",end
4534,"[1, 8, 6]",end
4536,"[1, 6]",end
4538,"[1, 8, 8]",8
4538,"[8, 6]",end
4539,"[1, 1, 8]",6
4539,[6],end
4540,"[1, 8, 6]",end
4541,"[1, 8, 6]",end
4542,"[1, 8, 6]",end
4543,"[1, 8, 8]",8
4543,"[8, 6]",end
4545,"[1, 8, 9]",6
4545,[6],end
4546,"[1, 1, 6]",end
4547,"[1, 8, 6]",end
4548,"[1, 8, 6]",end
4549,"[1, 8, 6]",end
4550,"[1, 8, 6]",end
4551,"[1, 8, 9]",6
4551,[6],end
4552,"[1, 8, 6]",end
4553,"[1, 8, 6]",end
4554,"[1, 8, 9]",8
4554,"[8, 9, 6]",end
4555,"[1, 8, 6]",end
4556,"[1, 8, 6]",end
4557,"[1, 8, 6]",end
4559,"[1, 8, 6]",end
4560,"[1, 8, 6]",end
4561,"[1, 8, 9]",8
4561,"[8, 9, 8]",6
4561,[6],end
4562,"[1, 8, 8]",6
4562,[6],end
4564,"[1, 1, 8]",9
4564,"[9, 8, 6]",end
4565,"[3, 1, 1]",8
4565,"[8, 6]",end
4566,"[1, 8, 6]",end
4567,"[1, 8, 9]",8
4567,"[8, 9, 6]",end
4568,"[1, 8, 6]",6
4568,[6],end
4569,"[1, 8, 9]",8
4569,"[8, 6]",end
4570,"[1, 8, 6]",6
4570,[6],end
4571,"[1, 8, 6]",end
4572,"[1, 8, 6]",end
4573,"[1, 8, 9]",8
4573,"[8, 6]",end
4574,"[1, 8, 6]",end
4576,"[1, 8, 6]",end
4577,"[1, 8, 6]",end
4578,"[1, 6]",end
4579,"[1, 8, 6]",end
4580,"[8, 9, 6]",end
